-- MySQL dump 10.16  Distrib 10.1.34-MariaDB, for debian-linux-gnu (x86_64)
--
-- Host: localhost    Database: lcatalog
-- ------------------------------------------------------
-- Server version	10.1.34-MariaDB-0ubuntu0.18.04.1

/*!40101 SET @OLD_CHARACTER_SET_CLIENT=@@CHARACTER_SET_CLIENT */;
/*!40101 SET @OLD_CHARACTER_SET_RESULTS=@@CHARACTER_SET_RESULTS */;
/*!40101 SET @OLD_COLLATION_CONNECTION=@@COLLATION_CONNECTION */;
/*!40101 SET NAMES utf8mb4 */;
/*!40103 SET @OLD_TIME_ZONE=@@TIME_ZONE */;
/*!40103 SET TIME_ZONE='+00:00' */;
/*!40014 SET @OLD_UNIQUE_CHECKS=@@UNIQUE_CHECKS, UNIQUE_CHECKS=0 */;
/*!40014 SET @OLD_FOREIGN_KEY_CHECKS=@@FOREIGN_KEY_CHECKS, FOREIGN_KEY_CHECKS=0 */;
/*!40101 SET @OLD_SQL_MODE=@@SQL_MODE, SQL_MODE='NO_AUTO_VALUE_ON_ZERO' */;
/*!40111 SET @OLD_SQL_NOTES=@@SQL_NOTES, SQL_NOTES=0 */;

--
-- Table structure for table `BookInformation`
--

DROP TABLE IF EXISTS `BookInformation`;
/*!40101 SET @saved_cs_client     = @@character_set_client */;
/*!40101 SET character_set_client = utf8 */;
CREATE TABLE `BookInformation` (
  `description` text,
  `publisher` text,
  `id` int(11) NOT NULL AUTO_INCREMENT,
  `bookid` int(11) DEFAULT NULL,
  `isbn` text,
  `publication_date` text,
  PRIMARY KEY (`id`),
  UNIQUE KEY `bookid` (`bookid`)
) ENGINE=InnoDB AUTO_INCREMENT=27 DEFAULT CHARSET=utf8mb4;
/*!40101 SET character_set_client = @saved_cs_client */;

--
-- Dumping data for table `BookInformation`
--

LOCK TABLES `BookInformation` WRITE;
/*!40000 ALTER TABLE `BookInformation` DISABLE KEYS */;
INSERT INTO `BookInformation` VALUES ('Real-World Scripts That Solve Difficult Problems','No Starch Press',2,2170,'9781593271732','February 15, 2008'),('What Every Superuser Should Know','No Starch Press',3,2172,'9781593275679','1 January 2015'),('A random book.','St. Buford Press',4,2174,'9780312546366','2008'),('undressing the dismal science','W.W Norton and Company, Inc',5,2175,'9780393337648','2010'),(NULL,NULL,12,0,'0',NULL),(NULL,NULL,16,991,'9780812979565',NULL),(NULL,NULL,18,1,'9780312291686',NULL),(NULL,NULL,23,2,'9780062349323',NULL),(NULL,NULL,24,5,'9781250027658',NULL),('','',25,2176,'937286202730','August 29, 1910');
/*!40000 ALTER TABLE `BookInformation` ENABLE KEYS */;
UNLOCK TABLES;

--
-- Table structure for table `Books`
--

DROP TABLE IF EXISTS `Books`;
/*!40101 SET @saved_cs_client     = @@character_set_client */;
/*!40101 SET character_set_client = utf8 */;
CREATE TABLE `Books` (
  `ID` int(11) NOT NULL AUTO_INCREMENT,
  `Author` varchar(255) DEFAULT NULL,
  `Title` varchar(255) DEFAULT NULL,
  `Genre` varchar(255) DEFAULT NULL,
  `CheckedOut` tinyint(1) DEFAULT NULL,
  `Missing` tinyint(1) DEFAULT NULL,
  PRIMARY KEY (`ID`),
  UNIQUE KEY `Books_ID_uindex` (`ID`)
) ENGINE=InnoDB AUTO_INCREMENT=2177 DEFAULT CHARSET=utf8mb4;
/*!40101 SET character_set_client = @saved_cs_client */;

--
-- Dumping data for table `Books`
--

LOCK TABLES `Books` WRITE;
/*!40000 ALTER TABLE `Books` DISABLE KEYS */;
INSERT INTO `Books` VALUES (1,'Levin, Phyllis Lee','Abigail Adams','Bio',0,0),(2,'Rash, Ron','Above The Waterfall','LP',0,0),(3,'Vincenzi, Penny','Absolute scandal, An','Fic',0,0),(4,'Oates, Joyce Carol','Accursed, The','M&T',0,0),(5,'Scottoline, Lisa','Accused','M&T',0,0),(6,'Coelho, Paulo','Adultery','Fic',0,0),(7,'Coudert, Jo','Advice from a failure','Health',0,0),(8,'Child, Lee','Affair, The','M&T',1,0),(9,'Anderson, Christopher','After Diana','Bio',0,0),(10,'Lippman, Laura','After I’m gone','LP',1,0),(11,'Sheldon, Sidney','After the darkness','LP',1,0),(12,'Castillo, Linda','After the Storm','M&T',0,0),(13,'Robson, Jennifer','After the War is Over','LP',0,0),(14,'Moyes, Jojo','After You','Fic',0,0),(15,'Hannah, Sophie','Agatha Christie','LP',0,0),(16,'Fields, Jennie','Age of Desire, The','Fic',0,0),(17,'Walker, Karen Thompson','Age of Miracles, The','Fic',0,0),(18,'Greenspan, Alan','Age of Turbulence, The','Bio',0,0),(19,'Macintyre, Ben','Agent Zigzag','H-940.54',0,0),(20,'Macy, Mike','Alaska','Oversize',0,0),(21,'Brokaw,Tom','Album of memories ','H-940.54',0,0),(22,'Coelho, Paulo','Alchemist, The','Fic',0,0),(23,'Coelho, Paulo','Aleph','Fic',1,0),(24,'Patterson, James','Alex Cross - Run','LP',1,0),(25,'Chernow, Ron','Alexander Hamilton','H 973.4',0,0),(26,'Berry, Steve','Alexandria Link','M&T',0,0),(27,'Hoag, Tami','Alibi Man','LP',0,0),(28,'Cordery, Stacy A.','Alice:Alice Roosevelt Longworth','Bio',1,0),(29,'Clark, Mary Higgins','All Dressed in White','M&T',0,0),(30,'Flagg, Fannie','All Girl Filling Station’s Last Reunion, The','LP',0,0),(31,'Barnet, Andrea','All Night PArty','H-305',0,0),(32,'Steinhauer, Olen','All Old Knives','M&T',0,0),(33,'Madden, Deirdre','All Over Ireland','SS',0,0),(34,'Frank, Dorothea','All Summer Long','Fic',0,0),(35,'Anders,Jane','All the Birds in the Sky','Fic',0,0),(36,'Doerr, Anthony','All the Light we Cannot See','Fic',0,0),(37,'Miranda, Magan','All the Missing Girls','Fic',0,0),(38,'Frank, Dorothea','All the Single Ladies','Fic',0,0),(39,'Trigiani, Adriana','All the Stars in the Heavens','Fic',0,0),(40,'Cawley, James & Margaret','Along the Delaware and Raritan Canal','NJ',0,0),(41,'Cawley, James ','Along the Old York Road','NJ',0,0),(42,'Myrose, Elizabeth R','Along the Whippanong:History of Whippany','NJ',0,0),(43,'American Heritage ','Amer Heritage History of the 1920’s & 1930’s','H-973',0,0),(44,'Tyler, Anne','Amateur Marriage','Fic',0,0),(45,'Baker, Jerry','Amazing Antidotes','Health',0,0),(46,'Time Life','Amazon, The','Travel',0,0),(47,'Time, Inc.','America - an illustrated history','Oversize',0,0),(48,'Golay, Michael','America 1933','H-973.9',0,0),(49,'Knauer, Kelly','America, an illustrated history','Oversize',0,0),(50,'Cohen, David','America: Then and now','Oversize',0,0),(51,'Cohen, David','America: Then and now','Oversize',0,0),(52,'Feiler, Bruce','America’s Prophet: Moses & the American story','H-973',0,0),(53,'Smithsonian Institution','American Art','Art',0,0),(54,'Kauffman, Michael','American Brutus','H-364',0,0),(55,'Ellis, Joseph J.','American Creation','H-973',0,0),(56,'American Heritage (Davidson)','American Heritage History: Artists\' America','Art',0,0),(57,'Cunningham, John T.','American high school, Morristown N.J., An','NJ',0,0),(58,'Cooke,Alistair','American home front: 1941-1942','H-940.53',0,0),(59,'MacFarlan, Allan A.','American Indian legends ','H-947.9',0,0),(60,'Meachem, Jon','American lion','Bio',0,0),(61,'Benson, John Prentiss','American Marine Artist','Art',0,0),(62,'Drape, Joe','American Pharoah','NF',0,0),(63,'Bunch, Lonnie G.','American Presidency','H-973.09',0,0),(64,'Rosenthal, Elizabeth','American Sickness, An','Health',0,0),(65,'McCullough, David','American Spirit, The','Hist',0,0),(66,'Phillips, Kevin','American Theocracy','Rh',0,0),(67,'Rasmussen, Daniel','American uprising','LP',0,0),(68,'Kyle, Taya','American Wife','Bio',0,0),(69,'Brill, Steven','America\'s Bitter Pill','Health',0,0),(70,'Bradford, Sarah','America\'s Queen','Bio',0,0),(71,'Kraybill, Nolt ','Amish grace','Rh',0,0),(72,'McEwan, Ian','Amsterdam','Fic',0,0),(73,'Shorto, Russell','Amsterdam','H-949.23',0,0),(74,'Strout, Elizabeth','Amy and Isabelle ','Fic',0,0),(75,'Vanderbilt, Amy','Amy Vanderbilt\'s New Complete Book of Etiquette','Ref',0,0),(76,'Clark, Mary Higgins','Anastasia Syndrome, The','SS',0,0),(77,'Dench, Judi','And furthermore','Bio',0,0),(78,'Kilmeade, Brian','Andrew Jackson & the Miracle of New Orleans','LP',0,0),(79,'Hosseini, Khaled','And the Mountains Echoed','Fic',0,0),(80,'Engel, Richard','And Then All Hell Broke Loose','LP',0,0),(81,'Rooney, Andrew','Andrew Rooney: Wisdom and Wit','humor',0,0),(82,'Perry, Anne','Angel Court Affair, The','M&T',0,0),(83,'Forbes, Sukey','Angel in my pocket','Rh',0,0),(84,'Bobnik, Benson','Angel in the whirlwind','H-973',0,0),(85,'Siebert, Charles','Angus','Rh',0,0),(86,'Kingsolver, Barbara','Animal, vegetable, miracle','Health',0,0),(87,'Bush, Jenna','Anna’s story','Rh',0,0),(88,'Time, Inc.','Annual 2008','Oversize',0,0),(89,'Chester, Jonathan','Antarctica','Oversize',0,0),(90,'Strout, Elizabeth','Anything Is Possible','Fic',0,0),(91,'Steele, Danielle','Apartment, The','Fic',0,0),(92,'Wiggs, Susan','Apple orchard, The','Fic',0,0),(93,'Haedrich, Ken','Apple pie perfect','FV auth',0,0),(94,'Winik, Jay','April eighteen sixty five','H-973.7',0,0),(95,'Greeley, Andrew','Archbishop in Andalusia','Fic',0,0),(96,'Listokin, Barbara Cyviner','Architectural hist.of N. Brunswick, NJ 1681-1900','NJ',0,0),(97,'Tsien, Billie','Architecture of the Barnes Museum','Oversize',0,0),(98,'Beevor, Antony','Ardennes 1944','H-940.5',0,0),(99,'Dowd, Maureen','Are men necessary?','Rh',0,0),(100,'De Waal, Frans','Are We SmArt Enough to Know…','Sci',0,0),(101,'Kennedy, June','Around and about Basking Ridge ','NJ',0,0),(102,'Warlick, Ashley','Arrrangement, The','Fic',0,0),(103,'Hafner, German','Art of Crete, Mycenae and Greece','Art',0,0),(104,'National Geographic Society','Art of National Geographic, The','Art',0,0),(105,'Child, Julia','As always, Julia','Bio',0,0),(106,'Mantel, Hilary','Assassination of Margaret Thatcher','SS',0,0),(107,'Gore, Al','Assault on Reason, The','H-973.93',0,0),(108,'Giandomenico, Nicolo','Assisi','Art',0,0),(109,'Grisham, John','Associate, The ','M&T',0,0),(110,'Riley, Kathleen','Astairs, The: Fred & Adele','Bio',0,0),(111,'Shipstead, Maggie','Astonish Me','Fic',0,0),(112,'Cavanaugh, Cam','At Speedwell in the 19th century*','FV auth',0,0),(113,'Gruen, Sara','At The Waters Edge','LP',0,0),(114,'Spector, Ronald H.','At War at Sea','H-359',0,0),(115,'Reader\'s Digest','Atlas of America','Ref',0,0),(116,'Obama, Barack','Audacity of hope','Bio',0,0),(117,'Walters, Barbara','Audition','Bio',0,0),(118,'Maychick,Diana','Audrey Hepburn','Bio',0,0),(119,'Platt, Stephen R.','Autumn in the Heavenly Kingdom','H-951',0,0),(120,'Benjamin, Melanie','Aviator\'s Wife','Fic',0,0),(121,'Yang, Belle','Baba:return to China upon my father’s shoulders','SS',0,0),(122,'Heide, Robert & Gilman, John','Backroads of New Jersey','NJ',0,0),(123,'McKenzie, C.B.','Bad Country','Fic',0,0),(124,'Hiaasen, Carl','Bad monkey','M&T',0,0),(125,'Ehrenreich, Barbara','Bait & Switch','Rh',0,0),(126,'Mahon, James','Baltusrol ','NJ',0,0),(127,'Fluke, Joan','Banana Cream Pie Murder','M&T',0,0),(128,'Holmstedt, Kirsten','Band of sisters','H-956',0,0),(129,'Proux, Anne','Barkskins','Fic',0,0),(130,'Brownlee, David','Barnes Foundation. The','ART',0,0),(131,'Stillwell, Paul','Battleship New Jersey, The ','H-973.917',0,0),(132,'Chamberlain, Diane','Bay at midnight','Fic',0,0),(133,'Dunne, Peter','Bayshore summer ','NJ',0,0),(134,'Johnson, Julia','Be Frank With Me','Fic',0,0),(135,'Andrews, Mary Kay','Beach Town','Fic',0,0),(136,'Bachman, Federik','Bear Town','Fic',0,0),(137,'Hilderbrand, Elin','Beautiful day ','Fic',0,0),(138,'Kreisler, Kristin von','Beauty in the beasts','Sci',0,0),(139,'Kohler, Shiela','Becoming Jane Eyre','Fic',0,0),(140,'Mathews, Prich','Bedminster Township, 250 years','NJ',0,0),(141,'Yenne, Bill','Beers of North America','Oversize',0,0),(142,'Hawley.Noah','Before the Fall','Fic',0,0),(143,'Wingate,Lisa','Before We Were Yours','Fic',0,0),(144,'Tyler, Anne','Beginner’s goodbye','Fic',0,0),(145,'Paris, B.H.','Behind Closed Doors','Fic',0,0),(146,'Barnes, Valerie','Behind the Scenes of Giralda Farms, Dodge estate','NJ',0,0),(147,'Gawande, Atul','Being Mortal','Health',0,0),(148,'Thomas, Evan','Being Nixon','H-973.924',0,0),(149,'Schulz, Kathryn','Being Wrong','Rh',0,0),(150,'Fellows, Julian','Belgravia','H-978.4555',0,0),(151,'George, Elizabeth','Believing the lie','M&T',0,0),(152,'De Los Santos, Marisa','Belong to me','Fic',0,0),(153,'Morrison, Toni','Beloved ','Fic',0,0),(154,'Woods, StuArt','Below the Belt','M&T',0,0),(155,'Sullivan, Mark','Beneath a Scarlet Sky','LP',0,0),(156,NULL,'Benet’s Reader’s encyclopedia 5th ed ','Ref',0,0),(157,'Morgan, Edmund','Benjamin Franklin','Bio',0,0),(158,'Troeger, Virgina B.','Berkeley Heights','FV auth',0,0),(159,'Troeger, Virgina B.','Berkeley Heights revisited ','FV auth',0,0),(160,'Couric, Katie','Best advice I ever got','Health',0,0),(161,'Kenison, Katrina','Best American Short Stories','SS',0,0),(162,'Archer, Jeffrey','Best kept secret','M&T',0,0),(163,'Sparks, Nicholas','Best of me','LP',0,0),(164,'Scottoline, Lisa','Betrayed','M&T',0,0),(165,'Miller, Maria','Betsy Ross & the making of America','H-973',0,0),(166,'Perlmutter, David, M.D.','Better brain book, The','Health',0,0),(167,'Sepetys, Ruta','Between shades of gray','Fic',0,0),(168,'Hannah, Kristin','Between sisters','Fic',0,0),(169,'Hogan, Tori','Beyond good intentions','Rh',0,0),(170,'L’Amour, Louis','Beyond the great snow mountains','SS',0,0),(171,'Preston & Child','Beyond the Ice Limit','Fic',0,0),(172,NULL,'Bible: King James version','Ref',0,0),(173,'MoriArty, Laura','Big Little Lies','Fic',0,0),(174,'Russert, Tim','Big Russ and me','Bio',0,0),(175,'Lewis, Michael','Big Short, The','Rh',0,0),(176,'Trigiani, Adriana','Big Stone Gap','Fic',0,0),(177,'Fisher, David','Bill O\'Reilly\'s Legends and Lies','H-973.30',0,0),(178,'Frair, Wayne ','Bio & Creation: Introduction re life  ','FV auth',0,0),(179,'NJ Audubon Society','Birding and Wildlife Trails','NJ',0,0),(180,'Sibley, David','Birds of Cape May, The','NJ',0,0),(181,'Dunne, Peter','Birds of Prey','Sci',0,0),(182,'Dunant, Sarah','Birth of Venus','Fic',0,0),(183,'Ward, Gordon T.','Bit of Earth','Rh',0,0),(184,'Hoag, Tami','Bitter Season, The','Fic',0,0),(185,'Beverly-Whittemore, Miranda','Bittersweet','Fic',0,0),(186,'McCullough, Colleen','Bittersweet','Fic',0,0),(187,'Patterson, James','Black Book','LP',0,0),(188,'Connelly, Michael','Black Box, The','LP',0,0),(189,'May, Peter','Black House','M&T',0,0),(190,'Silva, Daniel','Black Widow, The','LP',0,0),(191,'Silva, Daniel','Black Widow, The','M&T',0,0),(192,'McCArtney, Paul','Blackburn singing','Poe',0,0),(193,'Parker, Robert B.','Blind Spot','M&T',0,0),(194,'Gladwell, Malcolm','Blink: Power of thinking without thinking','Rh',0,0),(195,'Dunant, Sarah','Blood and beauty','Fic',0,0),(196,'Klein, Howard','Blood feud: Clintons vs. Obamas','H-973.9',0,0),(197,'Furst, Alan','Blood of victory','M&T ',0,0),(198,'Perry, Anne','Blood on the Water','M&T',0,0),(199,'Jager, Eric','Blood Royal','H-944.02',0,0),(200,'Gerritsen, Tess','Bloodstream','Fic',0,0),(201,'Michaels, Fern','Blossom sister, The','LP',0,0),(202,'Macomber, Debbie','Blossom Street brides','Fic',0,0),(203,'Steel, Danielle','Blue','Fic',0,0),(204,'Preston & Child','Blue Labryrinth','M&T',0,0),(205,'French, Nicci','Blue Monday','M&T',0,0),(206,'Delinsky, Barbara','Blueprints','Fic',0,0),(207,'Tye, Larry','Bobby Kennedy',' Bio',0,0),(208,'Gerritsen, Tess','Body Double','M&T',0,0),(209,'Abrams, Douglas with Dalai Lama & Desmond Tutu','Book of Joy, The','LP',0,0),(210,'Perry, Thomas','Bomb Maker, The','M&T',0,0),(211,'Neillands, Robin','Bomber war, The ','H-940.54',0,0),(212,'Cornwell, Patricia','Bone bed, The','M&T',0,0),(213,'Gerritsen, Tess','Bone Garden, The','LP',0,0),(214,'Iles, Greg','Bone Tree, The','Fic',0,0),(215,'Dekker, Ted','Boneman’s Daughters','M&T',0,0),(216,'Reichs, Kathy','Bones to Ashes','LP',0,0),(217,NULL,'Bonnie Brae Knights','NJ',0,0),(218,'Crisp, Tom','Book of Bob','Rh',0,0),(219,'Reader’s Digest','Book of North American birds','Oversize',0,0),(220,'Simon & Schuster','Book of the Ballet','Ref',0,0),(221,'Lovett, Charlie','Bookman\'s Tale, The','M&T',0,0),(222,'Seierstad, Asne','Bookseller of Kabul, The','H-958',0,0),(223,'Brokaw,Tom','Boom! Voices of the sixties','H-973.92',0,0),(224,'Trevor, Noah','Born a Crime','Bio',0,0),(225,'Springsteen, Bruce','Born to Run','Bio',0,0),(226,'Fox, Paula','Borrowed Finery','Bio',0,0),(227,'Diamant, Anita','Boston Girl','Fic',0,0),(228,'Pollan, Michael','Botany of Desire, The','Health',0,0),(229,'Florato, Marina','Botticelli Secret, The','Fic',1,0),(230,'Bottom Line','Bottom Line Health Breakthroughs-2017','Rh',0,0),(231,'Bottom Line','BOTTOM Line Yearbook-2017','Rh',0,0),(232,'Alexander, Caroline','Bounty,The: True story of Mutiny on the Bounty','H-996.18',0,0),(233,'George, Elizabeth','Bouquet of Consequences, A','M&T',0,0),(234,'Fussell, Paul','Boy\'s Crusade, The','H-940.54',0,0),(235,'Brown, Daniel James','Boys in the boat, The','Rh',0,0),(236,'Perlmutter, David, M.D.','Brain Maker','Rh',0,0),(237,'Bacevich, Andrew','Breach of trust','Rh',0,0),(238,'Paris, B. A.','Break Down, The','M&T',0,0),(239,'Michaels, Fern','Breaking news','LP',0,0),(240,'Bradford, Barbara Taylor','Breaking the rules','Fic',0,0),(241,'Ifill, Gwen','Breakthrough: Politics & race in age of Obama','H-973',0,0),(242,'Lerner, Betsy','Bridge Ladies, The','LP',0,0),(243,'Parker, Robert B.','Bridge, The','M&T',0,0),(244,'Waller, Robert James','Bridges of Madison County, The','Fic',0,0),(245,'Folder of collected items','Brief History of Bernards Township, A','NJ',0,0),(246,'Dolin, Eric','Brilliant Beacons','Fic',0,0),(247,'Mantel, Hilary','Bring up the bodies','Fic',0,0),(248,'Mayes, Frances','Bringing Tuscany home','Travel',0,0),(249,'Brinkley, David','Brinkley’s beat','Bio',0,0),(250,'Blackman, Fredrik','Britt-Marie Was Here','Fic',0,0),(251,'French, Tana','Broken harbor','M&T',0,0),(252,'Toibin, Colm','Brooklyn','Fic',0,0),(253,'Robb, J. D.','Brotherhood in Death','M&T',0,0),(254,'Paretsky, Sara','Brush Back','M&T',0,0),(255,'Gamon, David','Build mental muscle','Health',0,0),(256,'National Geographic Soc.','Builders of the Ancient World','H-970.01',0,0),(257,'Frank, Dorothea','Bulls Island','Fic',0,0),(258,'Goodwin, Doris Kearns','Bully Pulpit, The','H-973.91',0,0),(259,'Schneider, Patricia','Bundle of Nebraska memories','Travel',0,0),(260,'Strout, Elizabeth','Burgess boys, The','Fic',0,0),(261,'Ishiguro, Kazuo','Buried Giant, The','Fic',0,0),(262,'Sandford, John','Buried prey','M&T',0,0),(263,'Patterson, James','Burn','M&T',0,0),(264,'Connelly, Michael','Burning Room, The','M&T',0,0),(265,'Siddons, Anne Rivers','Burnt Mountain','Fic',0,0),(266,'Beaton, M.C.','Busy body','LP',0,0),(267,'Leon, Donna','By its cover','M&T',0,0),(268,'Griffin, W.E.B.','By order of the President','Fic',0,0),(269,'Paul, Pamela','By the Book','Rh',0,0),(270,'Andersohn, Gunter','Cacti and succulents','Sci',0,0),(271,'Steinhauer, Olen','Cairo Affair, The','M&T',0,0),(272,'Robb, J.D.','Calculated in death','M&T',0,0),(273,'Brooks, Geraldine','Caleb’s crossing','Fic',0,0),(274,'Phillips, Susan Elizabeth','Call me irresistible ','LP',0,0),(275,'Marshall, P.J., ed.','Cambridge illustrated Hist. of the British Empire','H-941.08',0,0),(276,'Grisham, John','Camino Island','LP',0,0),(277,'Cherny, Andrei','Candy bombers, The','H-943',0,0),(278,'Grippando, James','Cane and Abel','Fic',0,0),(279,'Flagg, Fannie','Can\'t wait to get to heaven','Fic',0,0),(280,'DorwArt, Jeffery','Cape May County, NJ','NJ',0,0),(281,'Roberts, Cokie','Capital Dames','H-978.708',0,0),(282,'Roberts, Cokie','Capital Dames','LP',0,0),(283,'Cunningham, John T.','Capsules of New Jersey history','NJ',0,0),(284,'Henrie, Fiona','Captivating cats','Oversize',0,0),(285,'Archer, Jeffrey','Careful What You Wish For','Fic',0,0),(286,'Winspear, Jacqueline','Care of Management of Lies, The','Fic',0,0),(287,'Galbraith, Robert','Career of Evil','Fic',0,0),(288,'Woods, StuArt','Carnal Curiosity','M&T',0,0),(289,'Frair, Wayne ','Case for creation, A','FV auth',0,0),(290,'Mathenia,Tai','Case for Solomon, A','H-364.1',0,0),(291,'Atkinson, Kate','Case histories','Fic',0,0),(292,'Massie, Robert K. ','Castles of steel','H-940.59',0,0),(293,'Archer, Jeffrey','Cat O’Nine tales','SS',0,0),(294,'Truss, Lynne','Cat Out of Hell','Fic',0,0),(295,'Braun, Lillian J.','Cat who had 60 whiskers, The','LP',0,0),(296,'Atwood, Margaret','Cat’s eye','Fic',0,0),(297,'Massie, Robert K. ','Catherine the Great','H-947.9',0,0),(298,'Hall-MArtin, Anthony','Cats of Africa','Oversize',0,0),(299,'Bradford, Barbara Taylor','Cavendon Hall','Fic',0,0),(300,'Macomber, Debbie','Cedar Cove Christmas, A','Fic',0,0),(301,'Adams, Molly Babson','Celebration of Molly Babson Adams, A','FV auth',0,0),(302,'Robb, J.D.','Celebrity in death','LP',0,0),(303,'Williams, Beatriz','Certain Age, A','Fic',0,0),(304,'Williams, Beatriz','Certain Age, A','LP',0,0),(305,'James, P.D.','Certain justice','M&T',0,0),(306,'Swan, Thomas','Cezanne, chase, The','FV auth',0,0),(307,'Shaara, Jeff','Chain of Thunder. A','LP',0,0),(308,'Shreve, Anita','Change in altitude, A','Fic',0,0),(309,'MoriArty, Laura','Chaperone, The','Fic',0,0),(310,'Tomalin, Claire','Charles Dickens','Bio',0,0),(311,'Kuralt, Charles','Charles Kuralt\'s America','Bio',0,0),(312,'Penner, Frederick G. ','Charles M. Russell: Great Am. Treasures of China','Art',0,0),(313,'Crile, George','Charlie Wilson\'s war','H-958.1',0,0),(314,'Harmon, Claire','Charlotte Bronte','Bio',0,0),(315,'Elliot, Marc','Charlton Heston','Bio',0,0),(316,'Adler, Elizabeth','Charmers, The','Fic',0,0),(317,'Evanovich, Janet','Chase, The','M&T',0,0),(318,'Roberts, Nora','Chasing fire','LP',0,0),(319,'Cunningham, John T.','Chatham, Crossing the Ffishawack','NJ',0,0),(320,'Parker, Robert B.','Cheapshot','M&T',0,0),(321,'Gawande, Atul','Checklist manifesto, The','Rh',0,0),(322,'Bailey, Blake','Cheever: A Life','Bio',0,0),(323,'May, Peter','Chess Men, The','M&T',0,0),(324,'Binchy, Maeve','Chestnut Street','Fic',0,0),(325,'Vine, Barbara','Child’s child, The','Fic',0,0),(326,'McEwan, Ian','Children Act, The','Fic',0,0),(327,'Hegi, Ursula','Children and fire','Fic',0,0),(328,'See, Lisa','China dolls','Fic',0,0),(329,'See, Lisa','China dolls','LP',0,0),(330,'Harris, Neil Patrick','Choose Your Own Autobiography','Rh',0,0),(331,'Richards, Susan','Chosen by a Horse','Health',0,0),(332,'Ingle, Bob','Chris Christie:Inside Story of His Rise to Power ','NJ',0,0),(333,'Buckley, Veronica','Christina, Queen of Sweden','Bio',0,0),(334,'Chiaverini, Jennifer','Christmas Bells','Fic',0,0),(335,'Evans, Nicholas','Christmas box','Fic',0,0),(336,'Macomber, Debbie','Christmas letters','Fic',0,0),(337,'VanLiere, Donna','Christmas shoes, The','LP',0,0),(338,'Honan, Park','Christopher Marlowe, poet & spy','Bio',0,0),(339,NULL,'Chronicle of the 20th century','Ref',0,0),(340,'Fellowes, Jessica','Chronicles of Downton Abbey, The','Art',0,0),(341,'Ricks,Thomas E.','Churchill and Orwell','LP',0,0),(342,'Milton, Giles','Churchil\'s Ministry of Ungentlemanly Warfare','H-940.54',0,0),(343,'Clark, Mary Higgins','Cinderella Man','LP',0,0),(344,'Clark, Mary Higgins','Cinderella Murder, The','M&T',0,0),(345,'Clark, Mary Higgins','Cinderella Murder, The','LP',0,0),(346,'McLain, Paula','Circling the Sun','Fic',0,0),(347,'Ambrose, Stephen E.','Citizen Soldier','H-940.5',0,0),(348,'Child, Preston ','City of Endless Night','M&T',0,0),(349,'Berendt, John','City of falling angels','H-945.31',0,0),(350,'Davis, Burke','Civil War - Strange & fascinating facts','H-973.7',0,0),(351,'Bowman, John','Civil War Almanac (large print)','Ref',0,0),(352,'Woodworth, Steven, ed.','Civil War Generals in defeat','H-973.73',0,0),(353,'Ferguson, Niall','Civilization ','H-909',0,0),(354,'Daheim, Mary','Clam Wake','LP',0,0),(355,'Boyne, Walter J.','Clash of Titans: WWII at sea','H-940.54',0,0),(356,'Purnell, Sonia','Clementine','Bio',0,0),(357,'Schiff, Stacy','Cleopatra','Bio',0,0),(358,'Bloomberg,M and Pope,C.','Climate of Hope','H-978',0,0),(359,'Blumenthal, Sidney','Clinton wars, The','H-973',0,0),(360,'Freese, Barbara','Coal: a human history','Sci',0,0),(361,'Preston, Douglas','Cold Vengeance','M&T',0,0),(362,'Hoag, Tami','Cold, Cold HeArt','Fic',0,0),(363,'Halberstam, David','Coldest Winter, The','H-951',0,0),(364,'Diamond, Jared','Collapse','Rh',0,0),(365,'Woods, StuArt','Collateral damage','M&T',0,0),(366,'Finneran, Richard','Collected Poems of W.B. Yeats','Poetry',0,0),(367,'Porter, Katherine Ann','Collected stories and other writings','SS',0,0),(368,'Stegner, Wallace','Collected stories and other writings','SS',0,0),(369,'Baldacci, David','Collectors, The','M&T',0,0),(370,'Morris','Colonel Roosevelt','Bio',0,0),(371,'McBride, James','Color of water','Bio',0,0),(372,'Chance, Maia','Come Hell or Highball','M&T',0,0),(373,'Scottoline, Lisa','Come home','LP',0,0),(374,'Karon, Jan','Come Rain or Come Shine','Fic',0,0),(375,'Archer, Jeffrey','Cometh the Hour','Fic',0,0),(376,'Hannah, Kristin','Comfort and joy','Fic',0,0),(377,'Pilcher, Rosamunde','Coming home','Fic',0,0),(378,'Gilbert, Elizabeth','Committed','Rh',0,0),(379,'Karon, Jan','Common Life','Fic',0,0),(380,'Kennedy, Patrick','Common Struggle','Bio',0,0),(381,'Patchett, Ann','Commonwealth','LP',0,0),(382,'Halverson, Dean, ed.','Compact Guide to world religions','Ref',0,0),(383,'Cuthbertson, Ken','Complex Fate, A','H-070.82',0,0),(384,'Doyle, Sir Arthur Conan','Complete Sherlock Holmes, The ','SS',0,0),(385,'Bagar, Robert','Concert companion: Guide to symphonic music','Ref',0,0),(386,'Harris, Robert','Conclave','M&T',0,0),(387,'Grisham, John','Confesson, The','M&T',0,0),(388,'Krugman, Paul','Conscience of a liberal','Rh',0,0),(389,'Le Carre, John','Constant Gardner, The','M&T',0,0),(390,NULL,'Consumer Reports Buying Guide 2013','Ref',0,0),(391,'Aubrey, Camille','Cooking for Picasso','Fic',0,0),(392,'Shales, Amity','Coolidge','Bio',0,0),(393,'Franzen, Jonathan','Corrections','Fic',0,0),(394,'Scottoline, Lisa','Corrupted','M&T',0,0),(395,'Mayle, Peter','Corsican caper, The','M&T',0,0),(396,'Steel, Danielle','Country','Fic',0,0),(397,'FC&A Medical Publishing','Country Doctor handbook, The','Health',0,0),(398,'Merry, Robert W.','Country of Vast Designs, The','H-973',0,0),(399,'Dash, Judi & Schensul, Jill','Country Roads of New Jersey','NJ',0,0),(400,'Whitney, Catherine','Couples, a Celebration of Commitment','Rh',0,0),(401,'Bernanke, Ben','Courage rp Act. The','Bio',0,0),(402,'Conant, Jennet','Covert affair, A','LP',0,0),(403,'Griffin, W.E.B.','Covert warriors','M&T',0,0),(404,'MArtin, Russell','Cowboy','Oversize',0,0),(405,'Stivison, Heather E.','Craftsman Farms','NJ',0,0),(406,'Cook, Robin','Crisis','Fic',0,0),(407,'Brinkley, David','Cronkite','Bio',0,0),(408,'Kent, Christobel','Crooked House, The','Fic',0,0),(409,'Patterson, James','Cross Justice','M&T',0,0),(410,'Patterson, James','Cross My Heart','M&T',0,0),(411,'Ingle, Bob','Crossroads of the American Revolution','NJ',0,0),(412,'Patterson, James','Cross the Line','M&T',0,0),(413,'Penny, Louise','Cruelest Month, The','Fic',0,0),(414,'DeMille, Nelson','Cuban Affair, The','LP',0,0),(415,'Tattlin, Isadora','Cuba diaries','Bio',0,0),(416,'Galbraith, Robert','Cuckoo’s calling, The','M&T',0,0),(417,'FC&A Medical Publishing','Cure conspiracy, The','Health',0,0),(418,'Evanovich, Janet','Curious Minds','M&T',0,0),(419,'Woods, StuArt','Cut and thrust','M&T',0,0),(420,'Kovac, Christina','Cutaway, The','M&T',0,0),(421,'Verghese, Abraham','Cutting for stone','Fic',0,0),(422,'Clark, Mary Higgins','Daddy’s gone a’hunting','M&T',0,0),(423,'LescroArt, John','Damage ','M&T',0,0),(424,'Scottoline, Lisa','Damaged','M&T',0,0),(425,'Isaacson, Eleanor','Dancing from Darkness','NF',0,0),(426,'Steele, Danielle','Dangerous Games','LP',0,0),(427,'Winder, Simon','Danubia','H-943.6',0,0),(428,'Rendell, Ruth','Dark Corners','M&T',0,0),(429,'Sharratt, Mary','Dark Lady\'s Mask, The','Fic',0,0),(430,'Parker, Barbara','Dark of the day, The','M&T',0,0),(431,'Johansen, Iris','Dark summer','LP',0,0),(432,'Alcott, Kate','Darling ladies of Lowell, The','Fic',0,0),(433,'Macomber, Debbie','Dashing Throught the Snow','Fic',0,0),(434,'Guy, John','Daughter’s love, A','H-942',0,0),(435,'Trollope, Joanna','Daughters-in-law','LP',0,0),(436,'Swan, Thomas','DaVinci deception, The','FV auth',0,0),(437,'Klein, Maury','Days of Defiance','H-973',0,0),(438,'Penrose, Jane, ed.','D-Day','H-940',0,0),(439,'Ambrose, Stephen E.','D-Day, June 6, 1944','H-940.54',0,0),(440,'Fairsteen, Linda','Deadfall','M&T',0,0),(441,'Daheim, Mary','Dead man docking','M&T',0,0),(442,'Greenwood, Kerry','Dead man’s chest','LP',0,0),(443,'Larson, Erik','Dead Wake','LP',0,0),(444,'Larson, Erik','Dead Wake','H-940.4',0,0),(445,'Castillo, Linda','Dead will tell, The','M&T',0,0),(446,'Sandford, John','Deadline','M&T',0,0),(447,'Harris, Charlaine','Deadlocked ','LP',0,0),(448,'Griffin, W.E.B.','Deadly Assets','M&T',0,0),(449,'Grady, Denise','Deadly Invaders','Health',0,0),(450,'Bains, Donald','Deadly Medicine','M&T',0,0),(451,'Lewis, Jerry','Dean and me','Bio',0,0),(452,'Young, Dwight ','Dear First Lady','H-973',0,0),(453,'Sparks, Nicholas','Dear John','Fic',0,0),(454,'Munro, Alice','Dear life','SS',0,0),(455,'Young, Dwight ','Dear Mr. President','H-973',0,0),(456,'James, P.D.','Death comes to Pemberly','M&T',0,0),(457,'James, P.D.','Death in holy orders','M&T',0,0),(458,'Rubenfeld, Jed','Death instinct, The','M&T',0,0),(459,'Beaton, M.C.','Death of a chimney sweep','M&T',0,0),(460,'Beaton, M.C.','Death of a gentle lady','M&T',0,0),(461,'Tolstoy, Leo','Death of Ivan Ilych & other stories','SS',0,0),(462,'Perry, Anne','Death on Blackheath','M&T',0,0),(463,'Higgins, Jack','Death trade, The ','M&T',0,0),(464,'Mitford, Jessica','Decca','Bio',0,0),(465,'Bush, George W. ','Decision points','Bio',0,0),(466,'Cannadine, David','Decline & fall of the British Aristocracy','H-305',0,0),(467,'Child, Lincoln','Deep storm','LP',0,0),(468,'Long, Jeff','Deeper','M&T',0,0),(469,'Sandford, John','Deep Freeze','M&T',0,0),(470,'Koontz, Dean','Deeply odd','M&T',0,0),(471,'Landay, William','Defending Jacob','M&T',0,0),(472,'BArth, Linda J','Delaware & Raritan Canal, The','NJ',0,0),(473,'LeCarré, John','Delicate truth, The','M&T',0,0),(474,'Reichl, Ruth','Delicious','LP',0,0),(475,'Bloom, Harold','Demon Knows, The','Rh',0,0),(476,'Smith, Wilbur','Desert God','Fic',0,0),(477,'Smith, Wilbur','Desert God','LP',0,0),(478,'Wallach, Janet','Desert Queen ','Bio',0,0),(479,'Goldstein, Richard','Desperate hours: Epic rescue of the Andrea Doria','Rh',0,0),(480,'Meacham, Jon','Destiny and Power','Bio',0,0),(481,'Barr, Nevada','Destroyer Angel','M&T',0,0),(482,'Larson, Erik','Devil in the white city','Rh',0,0),(483,'Higgins, Jack','Devil is waiting, A','M&T',0,0),(484,'Faulks, Sebastian','Devil may care','M&T',0,0),(485,'Green, Joshua','Devil\'s Bargain','NF',0,0),(486,'Ward, Vicky','Devil’s casino','Rh',0,0),(487,'Patterson, Richard North','Devil’s light, The ','M&T',0,0),(488,'Fairstein, Linda','Devil\'s Bridge','M&T',0,0),(489,'Carr, Matthew','Devils of Cardova, The','Fic',0,0),(490,'Robb, J.D.','Devoted in Death','M&T',0,0),(491,'Myron, Vicki','Dewey: Small town lib. cat who touch the world','LP',0,0),(492,'Myron, Vicki','Dewey’s nine lives','LP',0,0),(493,'Lindsey, David','Dexter by design','M&T',0,0),(494,'Mayle, Peter','Diamond Caper, The','Fic',0,0),(495,'Reiner, Carl','Dick Van Dyke','Bio',0,0),(496,'Burman, Tom','Dictionary of misinformation, The','Ref',0,0),(497,'Morris, William and Mary','Dictionary of word and phrase origins ','Ref',0,0),(498,'Clegg, Bill','Did you Ever Have a Family','Fic',0,0),(499,'Brown, Dan','Digital fortress','M&T',0,0),(500,'Smith, Lee','Dimestore','Bio',0,0),(501,'Siegel, Alan','Disaster','NJ',0,0),(502,'Robb, Graham','Discovery of France, The','H-944.02',0,0),(503,'Walls, Jeannette','Dish','Rh',0,0),(504,'Woods, StuArt','Dishonorable Intenions','M&T',0,0),(505,'Roth, Veronica','Divergent','Fic',0,0),(506,'Behrman, Sid','Doctor joke book','humor',0,0),(507,'Yeger, Selene','Doctor’s book of food remedies, The','Health',0,0),(508,'Quinn, Spencer','Dog on it','M&T',0,0),(509,'McNeal, Laura Lane','Doll baby','Fic',0,0),(510,'Patterson, James','Don’t blink','LP',0,0),(511,'Davis,Kenneth','Don’t Know Much About the Civil War ','H-973.7',0,0),(512,'Zamperini, Louis','Don\'t Give Up, Don\'t Give In','Bio',0,0),(513,'Coben, Harlan','Don\'t Let Go','M&T',0,0),(514,'Kaufman, David','Doris Day','Bio',0,0),(515,'Halpern, Mark','Double Down','Rh',0,0),(516,'Hoffman, Alice','Dovekeepers, The','Fic',0,0),(517,'HArt, John','Down river','M&T',0,0),(518,'Aptowicz, Cristin','Dr. Motter\'s Marvels','Rh',0,0),(519,'Massie, Robert K. ','Dreadnought','H-940.3',0,0),(520,'See, Lisa','Dreams of joy','LP',0,0),(521,'Obama, Barack','Dreams of my father','Bio',0,0),(522,'Alcott, Kate','Dressmaker, The','Fic',0,0),(523,'Langguth, A.J.','Driven West ','H-973.5',0,0),(524,'Connelly, Michael','Drop, The','LP',0,0),(525,'Steel, Danielle','Duchess, The','Fic',0,0),(526,'Green, Jane','Dune Road ','Fic',0,0),(527,'Cornwell, Patricia','Dust','M&T',0,0),(528,'Morris, Edmund','Dutch','Bio',0,0),(529,'Gates, Robert','Duty','Bio',0,0),(530,'Smiley, Jane','Early Warning','Fic',0,0),(531,'Cunningham, John T.','East of N.J., The','NJ',0,0),(532,'Wilson, Robert A.','East to America','H-973',0,0),(533,'Gilbert, Elizabeth','Eat, Pray, Love','Rh',0,0),(534,'Fuhrman, Joel, M.D.','Eat to live','Health',0,0),(535,'Sheraton, Mimi','Eating my words: an appetite for life','Rh',0,0),(536,'Gabaldon, Diana','Echo in the bone, An','Fic',0,0),(537,'Connelly, Michael','Echo Park','LP',0,0),(538,'Patterson, Richard North','Eclipse','M&T',0,0),(539,'Cooperman, Saul','Eddie and me','NJ',0,0),(540,'Brown, Dale','Edge of Battle','M&T',0,0),(541,'Follett, Ken','Edge of Eternity','Fic',0,0),(542,'George, Elizabeth','Edge of nowhere, The','Fic',0,0),(543,'Isaacson, Walter','Einstein','Bio',0,0),(544,'Ambrose, Stephen E.','Eisenhower: Soldier & President','H-973.9',0,0),(545,'Strunk, William, Jr.','Elements of style','Ref',0,0),(546,'Wasserstein, Wendy','Elements of style','Fic',0,0),(547,'Croke, Vicki Constantine','Elephant Company','H-940',0,0),(548,'Weintraub, Stanley','Eleven days in December ','H-940.54',0,0),(549,'Macomber, Debbie','1105 Yakima Street','LP',0,0),(550,'Smith, Sally Bedell','Elizabeth the Queen','Bio',0,0),(551,'Russo, Richard','Elsewhere','Bio',0,0),(552,'Ortega, Ralph','Emigration From Cuba','FV auth',0,0),(553,'McCall Smith , Alexander','Emma','LP',0,0),(554,'McCall Smith, Alexander','Emma','M&T',0,0),(555,'CArter, Stephen','Emperor of Ocean Park','Fic',0,0),(556,'Berry, Steve','Emperor’s tomb, The','Fic',0,0),(557,'Gwynne, S.C.','Empire of the Summer Moon','Rh',0,0),(558,'Bunker, Nick','Empire on the Edge','H-973.3',0,0),(559,'Kelly, Thomas','Empire rising','Fic',0,0),(560,'Smith, Philip Chadwick F.','Empress of China','H-378.224',0,0),(561,'Terres, John K.','Enclyclopedia of North Am. Birds-Audobon Soc','Ref',0,0),(562,NULL,'Encyclopedia Britannica (2004)','Ref',0,0),(563,'Garraty, John, ed.','Encyclopedia of American Biography','Ref',0,0),(564,'Lurie, Maxine N.,ed.','Encyclopedia of New Jersey','NJ',0,0),(565,NULL,'Encyclopedia of New Jersey (2004)','Ref',0,0),(566,'Pollard, Michael','Encyclopedia of the cat','Sci',0,0),(567,'Cavendish, Marshall','Encyclopedia of World War II, The','Oversize',0,0),(568,'Agus, David B., M.D. ','End of illness','Health',0,0),(569,'Matthiessen, Peter','End of the eArth','Travel',0,0),(570,'Ross, John F.','Enduring courage','Bio',0,0),(571,'MArtin, Steve','Enemy Inside, The','LP',0,0),(572,'Hindle, Brooke','Engines of change','H-338',0,0),(573,'Wilson, Angus','England','Oversize',0,0),(574,'Silva, Daniel','English Girl, The','M&T',0,0),(575,'Silva, Daniel','English Spy, The','M&T',0,0),(576,'May, Peter','Entry Island','M&T',0,0),(577,'Willis, Clint','Epics on Everest','SS',0,0),(578,'Russell, Mary','Epitaph','Fic',0,0),(579,'Delinsky, Barbara','Escape','Fic',0,0),(580,'Baldacci, David','Escape, The','M&T',0,0),(581,'Bernanke, Ben','Essays on the Great Depression','Rh',0,0),(582,'Rankin, Ian','Even Dogs in the Wild','M&T',0,0),(583,'Lear, Norman','Even This I Get to Experience','Bio',0,0),(584,'Clifford, Stephanie','Everybody Rise','Fic',0,0),(585,'McNaught, Judith','Every breath you take','Fic',0,0),(586,'Scottoline, Lisa','Every Fifteen Minutes','M&T',0,0),(587,'Quindlen, Anna','Every last one','LP',0,0),(588,'Herriot, James','Every living thing','Bio',0,0),(589,'Hurston, Zora Neale','Every tongue got to confess','SS',0,0),(590,'Russo, Richard','Everybody\'s Fool','LP',0,0),(591,'Cleave, Chris','Everyone Brave Is Forgiven','Fic',0,0),(592,'Kellerman, Jonathan','Evidence ','LP',0,0),(593,'Cheney, Dick','Exceptional','H-327.73',0,0),(594,'Hamid, Mohsin','Exit West','Fic',0,0),(595,'Marshall, Bruce','Explore America (AAA)','Oversize',0,0),(596,'Reader’s Digest','Explore America’s natural wonders','Oversize',0,0),(597,'James, Simon','Exploring the world of the Celts','H-941 ',0,0),(598,'Flynn, Vince','Extreme measures','M&T',0,0),(599,'Sandford, John','Extreme Prey','M&T',0,0),(600,'Cussler, Clive','Eye of Heaven, The','M&T',0,0),(601,'Schieffer, Bob','Face the nation','Art',0,0),(602,'Corbeil, Jean-Claude','Facts on File visual dictionary, The','Ref',0,0),(603,'Steel. Danielle','Fairytale','Fic',0,0),(604,'Fraser, Antonia','Faith and Treason','H-942.06',0,0),(605,'Patterson, Richard North','Fall from grace','LP',0,0),(606,'Steel, Danielle','Fall from Grace','LP',0,0),(607,'Weaver,Tim','Fall from Grace','M&T',0,0),(608,'Follett, Ken','Fall of giants','fic',0,0),(609,'Silva, Daniel','Fallen angel, The','M&T',0,0),(610,'Green, Jane','Falling','Fic',0,0),(611,'Leon, Donna','Falling in Love','M&T',0,0),(612,'BArtlett, John','Familiar Quotations (seventeenth ed.)','Ref',0,0),(613,'Munro, Alice','Family Furnishings','SS',0,0),(614,'Woods, StuArt','Family Jewels','M&T',0,0),(615,'Sharma, Akhil','Family Life','Fic',0,0),(616,'National Geographic ','Family Reference Atlas of the World (2002) ','Ref',0,0),(617,'Steel, Danielle','Family Ties ','LP',0,0),(618,'Wiggs, Susan','Family Tree','Fic',0,0),(619,'Bauer, Gene','Farm sanctuary','Rh',1,0),(620,'Woods, StuArt','Fast and Loose','M&T',0,0),(621,'Tannebaum, Robert','Fatal Conceit','LP',0,0),(622,'Faulkner, William','Faulkner','SS',0,0),(623,'Smith, Jean Edward','FDR','Bio',0,0),(624,'Harris, Robert','Fear index','M&T',0,0),(625,'Evanovich, Janet','Fearless fourteen','M&T',0,0),(626,'Time Life Books','Feats and wisdom of the ancients','Oversize',0,0),(627,'Binchy, Maeve','Few of the Girls, A','Fic',0,0),(628,'Peterson, Roger Tory','Field guide to birds','Sci',0,0),(629,NULL,'Field Guide ot American Birds','Sci',0,0),(630,'Flynn, Michael T.','Field of Flight','Sci',0,0),(631,'Sandford, John','Field of prey','M&T',0,0),(632,'Patterson, James','Fifth Fifty','M&T',0,0),(633,'Weintraub, Stanley','15 Stars: Eisenhower, MacArthur, Marshall ','H-940.54',0,0),(634,'Patterson. James','15th Affair','M&T',0,0),(635,'Whalen, Charles','Fighting McCooks','H-973.7',0,0),(636,'Coulter, Catherine','Final cut, The','Fic',0,0),(637,'Swan, Thomas','Final Faberge, The','FV auth',0,0),(638,'Gardner, Lisa','Find Her','M&T',0,0),(639,'King, Stephen','Finders Keepers','M&T',0,0),(640,'Knight, Michele','Finding me','Bio',0,0),(641,'Schine, Cathleen','Fine lady','Fic',0,0),(642,'Baldacci, David','Finisher, The','M&T',0,0),(643,'Junger, Sebastian','Fire','Rh',0,0),(644,'Hansen, Randall','Fire and fury','H-940.5',0,0),(645,'Wolff, Michael','Fire and Fury','Rh',0,0),(646,'Albom, Mitch','First call from heaven','Fic',0,0),(647,'Ellis, Joseph J.','First Family','H-973.4',0,0),(648,'Kessler, Ronald','First Family Detail','Rh',0,0),(649,'Smithsonian','First Ladies: their lives, times & issues','H-920',0,0),(650,'Angelo. Bonnie','First Mothers','H-973',0,0),(651,'Palmar, Michael','First Patient, The','M&T',0,0),(652,'Stiles, T.J.','First tycoon','Bio',0,0),(653,'Keegan, John','First World War, The','H-940.3',0,0),(654,'American Heritage','First year of American Heritage','Oversize',0,0),(655,'Mackenzie, Clyde L. Jr.','Fisheries of Raritan bay ','NJ',0,0),(656,'Best, Nicholas','Five Days That Shocked the World','H-940',0,0),(657,'Hill, Clint','Five Presidents','H-363.28',0,0),(658,'Baldacci, David','Fix, The','LP',0,0),(659,'Bradley, James','Flags of our fathers','H-973.91',0,0),(660,'Lewis, Michael','Flash boys:A Wall Street Revolt','Rh',0,0),(661,'American Heritage','Flight','Oversize',0,0),(662,'Kingsolver, Barbara','Flight Behavior','LP',0,0),(663,'Wirtz, Rolf C','Florence','Art',0,0),(664,'Bere, Carol and Others','Florham, An American Treasure','NJ',0,0),(665,'Wardropper, Ian','Flowering of the French Renaissance, The','Oversize',0,0),(666,'Kolata, Gina','Flu','Health',0,0),(667,'Lehrer, Jim','Flying crows','Fic',0,0),(668,'Ryan, Tom','Following Atticus','Art',0,0),(669,'Coben, Harlan','Fool Me Once','M&T',0,0),(670,'Deveraux, Jude','For all Time','Fic',0,0),(671,'Gaines, James R.','For liberty and glory','H-973',0,0),(672,'Grisham, John','Ford County','SS',0,0),(673,'Woods, StuArt','Foreign Affairs','M&T',0,0),(674,'Thor, Brad','Foreign Agent','M&T',0,0),(675,'McCall Smith, Alexander ','Forever girl, The','LP',0,0),(676,'Dalnick, Edward','Forger\'s Spell, The','Rh',0,0),(677,'Child, Lincoln','Forgotten Room, The','M&T',0,0),(678,'Fleming, Thomas','Forgotten Victory, The','NJ',0,0),(679,'Baldacci, David','Forgotten, The','LP',0,0),(680,'Wasson, Sam','Fosse','Bio',0,0),(681,'Ellis, Joseph J.','Founding Brothers','H-973.4',0,0),(682,'Roberts, Cokie','Founding Mothers','H-973.3',0,0),(683,'Bombeck, Erma','Four of a kind','humor',0,0),(684,'Moody, Sidney C. Jr.','444 days: The American hostage story','FV auth',0,0),(685,'Mann, Charles','Fourteen Ninetyone 1491','H-970',0,0),(686,'Mann, Charles ','Fourteen Ninetythree 1493','H-909',0,0),(687,'Berry, Steve','14th Colony, The','Fic',0,0),(688,'Patterson, James','14th Deadly Sin','M&T',0,0),(689,'Fahy, Warren','Fragment','Fic',0,0),(690,'Huxtable, Ada','Frank Lloyd Wright','Bio',0,0),(691,'Levitt, Steven','Freakonomics','Rh',0,0),(692,'Helprin, Mark','Freddy & Fredericka','Fic',0,0),(693,'Franzen, Jonathan','Freedom','Fic',0,0),(694,'Cohl, H. Aaron','Friar\'s Club Encyclopedia of jokes','humor',0,0),(695,'Steel, Danielle','Friends forever','Fic',0,0),(696,'Swan, Thomas','Friends of Billy Hudnut, The','FV auth',0,0),(697,'Barzun, Jacques','From Dawn to Decadence','H-940',0,0),(698,'Anderson, Allan G.','From set thru function: elementary math etc','FV auth',0,0),(699,'Thomas, Helen','Front row at the White House','Bio',0,0),(700,'Weightman, Gavin','Frozen-water trade, The','Rh',0,0),(701,'Margolin, Philip','Fugitive','Fic',0,0),(702,'McCall-Smith, Alexander ','Full cupboard of life','M&T',0,0),(703,'Clancy, Tom','Full Force and Effect','M&T',0,0),(704,'CArter, Jimmy','Full Life, A','Bio',0,0),(705,'Parker. T Jefferson','Full Measure','M&T',0,0),(706,'Shriver, Timothy','Fully Alive','Rh',0,0),(707,'Stone, Robert','Fun with problems','SS',0,0),(708,'Hornby, Nick','Funny Girl','Fic',0,0),(709,'Halpern, Mark','Game Change','H-973',0,0),(710,'Richman, Alyson','Garden of Letters, The','LP',0,0),(711,'Quick, Amanda','Garden of Lies','M&T',0,0),(712,'Cunningham, John T.','Garden State','NJ',0,0),(713,'Choroszewski, Walter','Garden State in bloom','NJ',0,0),(714,'DeMille, Nelson','Gate house, The ','LP',0,0),(715,'Todd, Charles','Gate Keeper,The','M&T',0,0),(716,'Sandford, John','Gathering Prey','M&T',0,0),(717,'Bishop, Gordon','Gems of New Jersey','NJ',0,0),(718,'Mukherve, Siddhatha','Gene, The','Health',0,0),(719,'MArtin, Justsin','Genius of place','Bio',0,0),(720,'Towles, Amor','Gentleman in Moscow. A','Fic',0,0),(721,'Sidar, Jean','George Hammell Cook (FVA)','Bio',0,0),(722,'Sidar, Jean','George Hammell Cook 1818- 1889','FV auth',0,0),(723,'Broadwater, Jeff','George Mason, forgotten founder','Bio',0,0),(724,'Rockland, Michael','George Washington Bridge, The','H-624',0,0),(725,'Kilmeade, Brian','George Washington’ Secret Six','H-973.4',0,0),(726,'CArter, Miranda','George, Nicholas and Wilhem','H-940',0,0),(727,'Tripp, Dawn','Georgia','Fic',0,0),(728,'Johnson, Steven','Ghost map, The','Health',0,0),(729,'Sides, Hampton','Ghost soldiers','H-940.54',0,0),(730,'Emerson, Jason','Giant in the shadow:Life of R.T. Lincoln','Bio',0,0),(731,'Delancy, J. P. ','Girl Before, The','LP',0,0),(732,'Smith, Martin Cruz','Girl from Venice, The','M&T',0,0),(733,'Vreeland, Susan','Girl in Hyacinth Blue','Fic',0,0),(734,'Hamer, Kate','Girl in the Red Coat, The','Fic',0,0),(735,'Lagercrantz, David','Girl in the Spider Web, The','M&T',0,0),(736,'Rendell, Ruth','Girl Next Door, The','Fic',0,0),(737,'Riley, Lucinda','Girl on the Cliff','Fic',0,0),(738,'Hawkins, Paula','Girl on the Train','M&T',0,0),(739,'StewArt, Amy','Girl Waits With Gun','Fic',0,0),(740,'Larsson, Stieg','Girl who kicked the hornet’s nest','LP',0,0),(741,'Larsson, Stieg','Girl who played with fire, The','LP',0,0),(742,'Larsson, Stieg','Girl with the dragon tattoo','LP',0,0),(743,'Moyes, Jojo','Girl you left behind, The','Fic',0,0),(744,'Macomber, Debbie','Girl\'s Guide To Moving On','Fic',0,0),(745,'Siddons, Anne Rivers','Girls of August','LP',0,0),(746,'Lehane, Dennis','Given Day, The','Fic',0,0),(747,'Walls, Jeannette','Glass Castle, The','Rh',0,0),(748,'Penny, Louise','Glass House','M&T',0,0),(749,'Burke, James Lee','Glass rainbow, The','M&T',0,0),(750,'Sloman, Jim','Global vision, A','Sci',0,0),(751,'Shaara, Jeff','Glorious cause','Fic',0,0),(752,'Grissom, Kathleen','Glory Over Everything','Fic',0,0),(753,'Lee, Harper','Go Set a Watchman','Fic',0,0),(754,'Morrison, Toni','God Help the Child','Fic',0,0),(755,'Atkinson, Kate','God in Ruins, A','Fic',0,0),(756,'Connelly, Michael','Gods of guilt, the','M&T',0,0),(757,'Morley, Rick','Going to Hell , getting saved','NJ',0,0),(758,'Smiley, Jane','Golden Age','Fic',0,0),(759,'Starr, Kevin','Golden Gate','Health',0,0),(760,'TArtt, Donna','Goldfinch, The','Fic',0,0),(761,'Patterson, James','Gone','LP',0,0),(762,'Flynn, Gilliam','Gone girl','Fic',0,0),(763,'Quindlen, Anna','Good dog, stay','Rh',0,0),(764,'Dalzell, Robert','Good rich, The','Rh',0,0),(765,'Mayle, Peter','Good year, A','Fic',0,0),(766,'Felzenberg, Alvin S.','Governor Tom Kean','Bio',0,0),(767,'Smith, Sally Bedell','Grace and Power','Bio',0,0),(768,'Frost, Mark','Grand slam','Bio',0,0),(769,'Wyse, Lois','Grandchildren are so much fun, I should etc.','humor',0,0),(770,'Baker, Jerry','Grandma Putts Home Health Remedies','Health',0,0),(771,'Lanese, Janet','Grandmothers are like snowflakes','humor',0,0),(772,'Chernow, Ron','Grant','Bio',0,0),(773,'Grant, Ulysses S.','Grant','Bio',0,0),(774,'Grisham, John','Gray Mountain','LP',1,0),(775,'Whitcomb, John & Clair ','Great American ancedotes','FV auth',0,0),(776,'McCullough, David','Great Bridge, The','Sci',0,0),(777,'Brenner, Marie','Great dames','Rh',0,0),(778,'Stockman, David','Great Deformation, The','Rh',0,0),(779,'Hazzard, Shirley','Great fire','Fic',0,0),(780,'Scotti, R.A.','Great Hurricane of 1938','Sci',0,0),(781,'Time Life Books','Great images of the 20th century','Oversize',0,0),(782,'Penny, Louise','Great Reckoning, A','M&T',0,0),(783,'Melville, Herman','Great short works of Herman Melville','SS',0,0),(784,'Tolstoy, Leo','Great short works of Leo Tolstoy','SS',0,0),(785,'N.American Wildlife Fdn.','Great Swamp, The','NJ',0,0),(786,'Babbott, Edward F.','Great wide wonderful world, A (oversize shelf)','Oversize',0,0),(787,'Babbott, Edward F.','Great, wide wonderful eArth, A','Oversize',0,0),(788,'McCullough, David','Greater Journey, The','H-920',0,0),(789,'Brokaw, Tom','Greatest Generation Speaks ','H-948.54',0,0),(790,'Asbridge, Thomas','Greatest Knight','H-941.03',0,0),(791,'Richter, G.M.A.','Greek Art','Art',0,0),(792,'Enright, Anne','Green Road, The','Fic',0,0),(793,'Simon, Richard','Green, The , A History of the Morristown Green','NJ',0,0),(794,'Duckworth, Angela','Grit','Rh',0,0),(795,'Farmer, John','Ground Truth, The','H-973.93',0,0),(796,'Clark, Etta','Growing old is not for sissies II','Oversize',0,0),(797,'Hynes, Samuel','Growing seasons','Bio',0,0),(798,'Roach, Mary','Grunt','Health',0,0),(799,'Bohjalan, Chris','Guest Room','LP',0,0),(800,'Mayo Clinic','Guide to better vision','Health',0,0),(801,'Mayo Clinic','Guide to managing Arthritis','Health',0,0),(802,'Mayo Clinic','Guide to pain relief','Health',0,0),(803,'Kellerman, Jonathan','Guilt','LP',0,0),(804,'Baldacci, David','Guilty','M&T',0,0),(805,'Atkinson, Rick','Guns at Last Light, The','H-940.54',0,0),(806,'Diamond, Jared','Guns, germs and steel','Rh',0,0),(807,'MacDonald, Helen','H is for Hawk','Rhe',0,0),(808,'Atwood, Margaret','Hag-Seed','Fic',0,0),(809,'Walls, Jeanette','Half broke horses','LP',0,0),(810,'Kristof, Nicholas D. ','Half the sky','Rh',0,0),(811,'Cobbs, Elizabeth ','Hamilton Affair, The','Fic',0,0),(812,'Picoult, Jodi','Handle with care','LP',0,0),(813,'McCall Smith, Alexander','Handsome Man\'s Deluxe Café, The','M&T',0,0),(814,'Harris, Thomas','Hannibal','Fic',0,0),(815,'Harpham, Wendy, M.D.','Happiness in a storm','Health',0,0),(816,'Clinton, Hillary','Hard choices','Bio',0,0),(817,'Evanovich, Janet','Hardcore Twenty-four','M&T',0,0),(818,'Paretsky, Sara','Hardball','M&T',0,0),(819,'Ammer, Christine','Harper Dictionary of music, The','Ref',0,0),(820,'Morris Museum','Harry Devlin','Art',0,0),(821,'Rowling, JK','Harry Potter, the Cursed Child','Fic',0,0),(822,'Baker, Jerry','Healing, fixers, mixers & elixers','Health',0,0),(823,'Bottom Line','Health Breakthroughs','Health',0,0),(824,'Weil, Andrew','Healthy aging','Health',0,0),(825,'Atwood, Margaret','Heart Goes Last','LP',0,0),(826,'Greene Graham','Heart of the Matter','FIC',0,0),(827,'Kellerman, Jonathan','Heartbreak Hotel','LP',0,0),(828,'Moggach, Deborah','Heartbreak Hotel','Fic',0,0),(829,'Haddam, Jane','Hearts of sand','M&T',0,0),(830,'Plain, Belva','Heartwood','LP',0,0),(831,'Thayer, Nancy','Heat wave','Fic',0,0),(832,'Burpo, Todd','Heaven is for Real','Rh',0,0),(833,'Evanovich, Janet','Heist, The','M&T',0,0),(834,'Silva, Daniel','Heist, The','LP',0,0),(835,'Baldacci, David','Hell’s corner','LP',0,0),(836,'Mann, William J.','Hello, Gorgeous','Bio',0,0),(837,'Stockett, Katherine','Help, The','Fic',0,0),(838,'Publications International','Helpful Household Hints-2014','LP',0,0),(839,'Gordon-Reed, Annette','Hemingses of Monticello, The','Bio',0,0),(840,'Edel, Leon','Henry James — a life','Bio',0,0),(841,'Schulman, Michael','Her Again','LP',0,0),(842,'Hilderbrand, Elin','Here\'s To Us','LP',0,0),(843,'Kent, Kathleen','Heretic’s daughter, The','Fic',0,0),(844,'Herndon, William H.','Herndon’s Lincoln','Bio',0,0),(845,'Furst, Alan','Hero of France, A','M&T',0,0),(846,'Korda, Michael','Hero: Life&Legend of L.ofArabia','Bio',0,0),(847,'Millard, Candice','Hero of the Empire','LP',0,0),(848,'Binet, Laurent','HHhH','Fic',0,0),(849,'Shetterley, Margot Lee','Hidden Figures','H-973.09',1,0),(850,'MArton, Kati ','Hidden Power','LP',0,0),(851,'Johanson, Iris','Hide Away','Fic',0,0),(852,'Sullenberg, Capt. Chesley','Highest duty','Bio',0,0),(853,'Fitzpatrick, Ellen','Highest Glass Ceiling, The','Rh',0,0),(854,'Vance, J.D.','Hillbilly Elegy','RH',0,0),(855,'Taraborrelli,J. Randy','Hiltons, The','Bio',0,0),(856,'Kidd, Jess','Himself','Fic',1,0),(857,'Ellis, Joseph J.','His Excellency, Geo. Washington','Bio',0,0),(858,'Harrison, Mette','His Right Hand','M&T',0,0),(859,'Peyser, Marc','Hissing Cousins: Eleanor & Alice Longworth','Bio',0,0),(860,'Kampmeir, Fred W.','Hist.Booklet of Bernards Twsp. NJ 1756-1960 ','NJ',0,0),(861,'Cawley, James','Historic NJ in Pictures','NJ',0,0),(862,'Humelsine, Carlisle','Historic preservation','NJ',0,0),(863,'Hobbie, Lucille','Historic sites of Morris County, NJ','NJ',0,0),(864,'American Heritage','History of Africa','Oversize',0,0),(865,'American Heritage','History of the 1920’s & 1930’s','Oversize',0,0),(866,'Bowman, John','History of the American Presidency','Ref',0,0),(867,'Kennedy, June','History of the library in Basking Ridge ','NJ',0,0),(868,'Baldacci, David','Hit, The','M&T',0,0),(869,'Eggers, Dave','Hologram for the King','Fic',0,0),(870,'Samra, Cal','Holy humor','humor',0,0),(871,'Andrews, Julie','Home','Bio',0,0),(872,'Coben, Harlan','Home','LP',0,0),(873,'Morrison, Toni','Home','Fic',0,0),(874,'Morrison, Toni','Home ','LP',0,0),(875,'Patterson, James','Hope to Die','M&T',0,0),(876,'Silva, Daniel','House of Spies','M&T',0,0),(877,'Woods, StuArt','Hot Pursuit','M&T',0,0),(878,'Brockman, Suzanne','Hot target','Fic',0,0),(879,'Friedman, Thomas L. ','Hot, flat and crowded','Sci',0,0),(880,'Grimes, MArtha','Hotel Paradise','Fic',0,0),(881,'Brown, Rita Mae','Hounded to death','M&T',0,0),(882,'Stashower, Daniel','Hour of Peril, The','H-973.7',0,0),(883,'Banner, Catherine','House at the Edge of Night, The','Fic',0,0),(884,'Bill, Alfred H.','House called Morven ','NJ',0,0),(885,'Rosnay, Tatiana de','House I loved, The','Fic',0,0),(886,'Meltzer, Brad','House of Secrets, The','M&T',0,0),(887,'Burke, James Lee','House of the Rising Sun','Fic',0,0),(888,'Smith, Alexander McCall','House of Unexpected Sisters, The','M&T',0,0),(889,'Picoult, Jodi','House Rules','Fic',0,0),(890,'Levitsky and Ziblatt','How Democracies Die','NF',0,0),(891,'Groopman, Jerome, M.C. ','How Doctors Think','Health',0,0),(892,'Cahill, Thomas','How the Irish Saved Civilization','H-970.01',0,0),(893,'Penny, Louise','How the Light Gets In','M&T',0,0),(894,'Penny, Louise','How the Light Gets In','LP',0,0),(895,'Fredrickson, Eric','How to avoid Falling','Health',0,0),(896,NULL,'How to do just about everything','Ref',0,0),(897,'Lehrer, Jonah','How We Decide','Sci',0,0),(898,'Weiner, Jennifer','Hungry Hearts','Bio',0,0),(899,'Todd, Charles','Hunting shadows','LP',0,0),(900,'Frank, Dorothea','Hurricane sisters, The','LP',0,0),(901,'Evanovich, Janet','Husband list, The','LP',0,0),(902,'MoriArty, Liane','Husband’s secret, The','Fic',0,0),(903,'Kepler, Lars','Hypnotist, The','M&T',0,0),(904,'Hldbrand, Elin','Identicals, The','Fic',0,0),(905,'Ephron, Nora','I feel bad about my neck','humor',0,0),(906,'Flagg, Fannie','I still dream about you ','LP',0,0),(907,'Auster, Paul, ed.','I thought my father was God','SS',0,0),(908,'Viorst, Judith','I’m too young to be seventy','humor',0,0),(909,'Clark, Mary Higgins','I’ve got you under my skin','M&T',0,0),(910,'Gertner, Jon','Idea factor, The: Bell labs, etc.','Sci',0,0),(911,'Wood, Gordon','Idea of America, The','H-973',0,0),(912,'Turow, Scott','Identical','LP',0,0),(913,'Daughan, George C.','If by sea','H-359',0,0),(914,'Macomber, Debbie','If Not for You',NULL,0,0),(915,'Thomas, Evan','Ike’s bluff','H-973.9',0,0),(916,'Pinsky, Robert','Illustra - Portrait of Rutgers','Oversize',0,0),(917,'Wittingham, Richard','Illustrated history of the NY Giants','Oversize',0,0),(918,'Egan, Timothy','Immortal Irishman, The','H-973.74',0,0),(919,'Skloot, Rebecca','Immortal life of Henrietta Lacks','Health',0,0),(920,'Korda, Michael','Immortals','Fic',0,0),(921,'Bradley, James','Imperial cruise','Rh',0,0),(922,'Nelson, Aaron, Ph.D.','Improving mem :understanding age related loss','Health',0,0),(923,'Woods, Stuart','Indecent Exposure','M&T',0,0),(924,'Pollan, Michael','In defense of food','Health',0,0),(925,'Pearson, Ridley','In harm’s way','M&T',0,0),(926,'Cavanaugh, Cam','In lights and shadows','FV auth',0,0),(927,'Shields, Steve','In Pursuit of the sunbeam','Health',0,0),(928,'Jennings, Peter & Brewster,Todd','In search of America','Oversize',0,0),(929,'Ashton, John F.','In six days','FV auth',0,0),(930,'Karon, Jan','In the company of others ','LP',0,0),(931,'Dunant, Sarah','In the company of the courtesan','Fic',0,0),(932,'Larson, Eric','In the Garden of the Beasts ','H-943',0,0),(933,'Philbrick, Nathaniel','In the HeArt of the Sea','H-910.9',0,0),(934,'Williams, Joan M.','In the Somerset Hills ','NJ',0,0),(935,'Schleicher, William','In the Somerset Hills — The landed gentry','NJ',0,0),(936,'Blume, Judy','In the Unlikely Event','Fic',0,0),(937,'Burpo, Todd','In the wake of the Great Depression','Rh',0,0),(938,'Cantor, Norman','In the wake of the plague','Rh',0,0),(939,'Brown, Dan','Inferno','LP',0,0),(940,'Cavanaugh, Cam','In Light and Shadows, Morristown in3 Centuries','NJ',0,0),(941,'Macomber, Debbie','Inn at Rose Harbor, The','LP',0,0),(942,'Meltzer, Brad','Inner circle, The','M&T',0,0),(943,'Turow, Scott','Innocent','M&T',0,0),(944,'Grisham, John','Innocent man','Rh',0,0),(945,'Coben, Harlan','Innocent, The','LP',0,0),(946,'Baldacci, David','Innocent, The ','M&T',0,0),(947,'Woods, StuArt','Insatiable Appetites','M&T',0,0),(948,'Horowitz, Alexandra','Inside of a dog','Sci',0,0),(949,'Taylor, Brad','Insider\'s Threat','M&T',0,0),(950,'Lahiri, Jhumpa','Interpreter of maladies','SS',0,0),(951,'Babbott, Edward F.','Into the Great Swamp','NJ',0,0),(952,'Clancy, Tom','Into the storm','H-950',0,0),(953,'Hawkins, Paula','Into the Water','Fic',0,0),(954,'Winspear, Jacqueline','In this great Hour','M&T',0,0),(955,'Romney, Ann','In This Together, My Story','Bio',0,0),(956,'White, Bill','Intrepid','H-359',0,0),(957,'Macksey, Kenneth','Invasion: ','H-940.5',0,0),(958,'Kidd, Sue Monk','Invention of wings, The','Fic',0,0),(959,'Sandford, John','Invisible prey','LP',0,0),(960,'Patterson, James','Invisible, The','LP',0,0),(961,'Taylor, Patrick','Irish country courtship, An','LP',0,0),(962,'Greeley, Andrew','Irish crystal','Fic',0,0),(963,'McPhee, John','Irons in the file','SS',0,0),(964,'Conant, Jennet','Irregulars, The','H-940.54',0,0),(965,'Larson, Eric','Isaac\'s Storm','Rh',0,0),(966,'Armstrong, Karen','Islam: A Short History','Rh',0,0),(967,'Shorto, Russell','Island at the Center of the World','Fic',0,0),(968,'Allende, Isabel','Island beneath the sea','Fic',0,0),(969,'Thayer, Nancy','Island girls','Fic',0,0),(970,'Thayer, Nancy','Island House','Fic',0,0),(971,'Zacks, Richard','Island of vice','Rh',0,0),(972,'Hilderbrand, Elin','Island, The: a novel ','Fic',0,0),(973,'Prados, John','Islands of Destiny','H-940.54',0,0),(974,'Cornwell, Patricia','Isle of the dogs','M&T',0,0),(975,'Yelland, Andrew','It’s a dog’s life','humor',0,0),(976,'Carr, Caleb','Italian secretary','M&T',0,0),(977,'Labor, Earle','Jack London: an American life','Bio',0,0),(978,'Leaming, Barbara','Jacqueline Bouvier Kennedy Onassis','Bio',0,0),(979,'Cheney, Lynne','James Madison','Bio',0,0),(980,'Gutzman, Kevin','James Madison and the Making of America','Bio',0,0),(981,'Burks, Ardath','Japan: A postindustrial power','FV auth',0,0),(982,'Adams, William','Jefferson’s Monticello','Travel',0,0),(983,'Adams, William Howard','Jefferson’s Monticello','Oversize',0,0),(984,'Wheelan, Joseph','Jefferson’s War','H-973',0,0),(985,'Montefiore, Simon Sebag','Jerusalem: The biography','H-956',0,0),(986,'Eliot, Mare','Jimmy StewArt','Bio',0,0),(987,'Cramer, Richard','Joe DiMaggio','Bio',0,0),(988,'McCullogh, David','John Adams','Bio',0,0),(989,'Glenn, John','John Glenn, a memoir','Bio',0,0),(990,'McCullough, David','Johnstown Flood, The','H-974 ',0,0),(991,'Campbell, Donovan','Joker one','H-956.7',0,0),(992,'Tutton, Jacqueline','Journey through Peapack and Gladstone, A','NJ',0,0),(993,'Winspear, Jacqueline','Journey to Munich','LP',0,0),(994,'Winspear, Jacqueline','Journey to Munich','Fic ',0,0),(995,'Eastman Kodak, Eds.','Joy of photography','Art',0,0),(996,'Showalter, Elaine','Jury of her peers: American women writers','Rh',0,0),(997,'Bennett,Tony','Just Getting Started','Bio',0,0),(998,'Cookson, Catherine','Kate Hannigan\'s girl','Fic',0,0),(999,'Berg, A. Scott','Kate remembered','Bio',0,0),(1000,'Scottoline, Lisa','Keep quiet','Fic',0,0),(1001,'Mankell, Henning','Kennedy’s brain','Fic',0,0),(1002,'Renehan, Edward','Kennedys at war, The','Bio',0,0),(1003,'Parker, Robert B.','Kickback','M&T',0,0),(1004,'McBurney, Christian M.','Kidnapping the enemy','NJ',0,0),(1005,'Deaver, Jeffery','Kill room','M&T',0,0),(1006,'Kellerman, Jonathan','Killer ','M&T',0,0),(1007,'Fairstein, Linda','Killer Look','M&T',0,0),(1008,'O\'Reilly, Bill','Killing England','H-978-1',0,0),(1009,'O’Reilly, Bill','Killing Kennedy','H-973.9',0,0),(1010,'O’Reilly, Bill','Killing Lincoln ','H-973',0,0),(1011,'O’Reilly, Bill','Killing Patton','LP',0,0),(1012,'O’Reilly, Bill','Killing Reagan','H-973.92',0,0),(1013,'O\'Reilly, Bill','Killing the Rising Sun','LP',0,0),(1014,'Baldacci, David','King and Maxwell','M&T',0,0),(1015,'Ziegler, Philip',' Edward VIII','Bio',0,0),(1016,'Hochschild, Adam','King Leopold\'s Ghost','H-967',0,0),(1017,'Lacey, Robert','Kingdom - Arabia & the House of Saud, The','H-953.8',0,0),(1018,'Gregory, Philippa','Kingmaker’s Daughter','Fic',0,0),(1019,'Grafton, Sue','Kinsey and me stories','SS',0,0),(1020,'Trigiani, Adriana','Liss Carlo','Fic',0,0),(1021,'Woods, StuArt','Kisser','LP',0,0),(1022,'MArtin, George','Knight of the Seven Kingdoms','Fic',0,0),(1023,'Butler, Katy','Knocking on Heaven’s door','Sci',0,0),(1024,NULL,'Kobbe’s complete opera book, The New','Ref',0,0),(1025,'Winchester, Simon','Krakatoa','Sci',0,0),(1026,'Jahren, Hope','Lab Girl','Bio',0,0),(1027,'Roberts, Cokie','Ladies of Liberty','H-973',0,0),(1028,'Carnarvon, Lady Fiona','Lady ',NULL,0,0),(1029,'Carnarvon, Lady Fiona','Lady Almina & the New Downton Abbey ','Bio',0,0),(1030,'StewArt, Amy','Lady Cop Makes Trouble','M&T',0,0),(1031,'O\'Connor Anne-Marie','Lady in Gold, The','Rh ',0,0),(1032,'Morton, Kate','Lake House, The','Fic',0,0),(1033,'Edwards, Kim','Lake of dreams, The','Fic',0,0),(1034,'Ackroyd, Peter','Lambs of London, The','Fic',0,0),(1035,'Frank, Dorothea','Land of mango sunsets','Fic',0,0),(1036,'Kallos, Stephanie','Language Arts','Fic',0,0),(1037,'AAA','Large Print Road Atlas: USA, Canada Mexico 04','Ref',0,0),(1038,'Erdich,Louise','La Rose','Fic',0,0),(1039,'Okrent, Daniel','Last call','Rh',0,0),(1040,'Mosley, Walter','Last Days of Ptolemy Grey','Rh',0,0),(1041,'Pausch, Randy','Last lectures, The','LP',0,0),(1042,'Moyes, Jojo','Last Letter from your Lover, The','Fic',0,0),(1043,'Kennedy, Edward','Last lion','Bio',0,0),(1044,'Manchester, William','Last lion, The, 1940-1965 ','Bio',0,0),(1045,'Baldacci, David','Last Mile, The','LP',0,0),(1046,'Kiernan, Frances','Last Mrs. Astor, The','Bio',0,0),(1047,'Macomber, Debbie','Last one home','Bio',0,0),(1048,'Chevalier, Tracy','Last runaway, The','Fic',0,0),(1049,'Lustbader, Eric','Last snow','M&T',0,0),(1050,'Sparks, Nicholas','Last song','LP',0,0),(1051,'Hornfischer, James','Last Stand of the Tin Can Sailors','H-940.54',0,0),(1052,'Philbrick, Nathaniel','Last Stand, The: Custer, Sitting Bull (etc.)','H-973',0,0),(1053,'Johnson, Robert','Last Stop Tokyo','FV auth',0,0),(1054,'Gerritsen, Tess','Last to die','LP',0,0),(1055,'Adler, Elizabeth','Last to know','Fic',0,0),(1056,'Yermilova, Larissa','Last Tsar, The','Oversize',0,0),(1057,'Michaels, Fern','Late edition','LP',0,0),(1058,'Connelly, Michael','Late Show, The','M&T',0,0),(1059,'Anderson, Scott','Lawrence in Arabia','H-940.4',0,0),(1060,'Ford, Richard','Lay of the land','Fic',0,0),(1061,'O\'Connor, Sandra Day','Lazy B','Bio',0,0),(1062,'Time Life Books','Leaders & revolutionaries','Oversize',0,0),(1063,'Queen Noor','Leap of faith','Bio',0,0),(1064,'Whitman, Walt','Leaves of grass','Poe',0,0),(1065,'Kanon, Joseph','Leaving Berlin','Fic',0,0),(1066,'Keillor, Garrison','Leaving Home','humor',0,0),(1067,'Picoult, Jodi','Leaving Time','Fic',0,0),(1068,'Perrotta, Tom','Leftovers, The','Fic',0,0),(1069,'Michener, James','Legacy','Fic',0,0),(1070,'Steel, Danielle','Legacy','LP',0,0),(1071,'Weiner, Tim','Legacy of Ashes:The History of the CIA','LP',0,0),(1072,'LeCarre, John','Legacy of Spies','M&T',0,0),(1073,'Shenkman, Richard','Legends & Lies: Cherished Myths of History','H-973',0,0),(1074,'Haynes, Michael','Legends & Lore of Somerset County','NJ',0,0),(1075,'Issacson, Walter','Leonardo Da Vinci','Bio',0,0),(1076,'Sedaris, David','Let’s explore diabetes with owls','humor',0,0),(1077,'Brown, Sandra','Lethal','LP',0,0),(1078,'Bradford, Barbara Taylor','Letter from a stranger','LP',0,0),(1079,'Coward, Noel','Letters of Noel Coward','Bio',0,0),(1080,'May, Peter','Lewis Man, The','M&T',0,0),(1081,'Roberts, Nora','Liar, The','Fic',0,0),(1082,'Gordon, Mary','Liar\'s Wife, The','Fic',0,0),(1083,NULL,'Liberty Corner Fire Company','Oversize',0,0),(1084,'Allen, Leslie','Liberty - The statue and the American dream','NJ',0,0),(1085,'Bryson, Bill','Life & times of the Thunderbolt Kid ','LP',0,0),(1086,'Atkinson, Kate','Life after life','LP',0,0),(1087,'Schlesinger, Arthur','Life in the 20th Century, A','Bio',0,0),(1088,'Henderson, Florence','Life is not a stage','Bio',0,0),(1089,'Attenborough, David','Life of birds, The','Sci',0,0),(1090,'MArtel, Yann','Life of Pi','Fic',1,0),(1091,'Rogan, Charlotte','Lifeboat, The','Fic',0,0),(1092,'Stedman, M. L.','Light between the oceans','Fic',0,0),(1093,'Silverstein, Shel','Light in the Attic, A','Poe',0,0),(1094,'Bohjalian, Chris','Light in the ruins, The','LP',0,0),(1095,'Plain, Belva','Light of the stars, The ','LP',0,0),(1096,'Siglah, Jane','Like trees walking (autographed)','Rh',0,0),(1097,'Siglah, Jane','Like trees walking (autographed)','Sci',0,0),(1098,'Robinson, Marilynne','Lila','Fic',0,0),(1099,'Kelly, MArtha','Lilac Girls','Fic',0,0),(1100,'Kelly, MArtha','Lilac Girls','LP',0,0),(1101,'Donald, David H.','Lincoln','Bio',0,0),(1102,'Viking Press, Ed.','Lincoln and his America','Oversize',0,0),(1103,'Wills, Gary','Lincoln at Gettysburg','H-973.7',0,0),(1104,'Berry, Steve','Lincoln myth, The','LP',0,0),(1105,'Epstein, Daniel Mark','Lincoln’s men','Bio',0,0),(1106,'Brownstein, Elizabeth','Lincoln\'s other White House','H-973.7',0,0),(1107,'Peters, Elizabeth','Lion in the valley','M&T',0,0),(1108,'DeMille, Nelson','Lion, The','M&T',0,0),(1109,'Reuter, Wolfgang','Lipizzaners & the Spanish riding school, The','Oversize',0,0),(1110,'Grisham, John','Litigators','LP',0,0),(1111,'Cleave, Chris','Little bee','Fic',0,0),(1112,'ShteyngArt, Gary','Little failure: a memoir','Bio',0,0),(1113,'Ng, Celeste','Little Fires Everywhere','M&T',0,0),(1114,'George, Nina','Little Paris Bookshop','Fic',0,0),(1115,'Waters, Sarah','Little stranger, The','Fic',0,0),(1116,'Johansen, Iris','Live to See Tomorrow','M&T',0,0),(1117,'Lorig, Kate','Living a Healthy Life with Chronic Conditions','Health',0,0),(1118,'Thomas, Henry','Living Biographies of Great Composers','Ref',0,0),(1119,'Attenborough, David','Living Planet, The','Sci',0,0),(1120,'Nahm, Eric','Living, Loving and Learning','Health',0,0),(1121,'Greenlaw, Linda','Lobster Chronicles','Sci',0,0),(1122,'Picoult, Jodi','Lone Wolf','Fic',0,0),(1123,'Raddatz, MArtha','Long Road Home','H-956.7',0,0),(1124,'Shephard, Ben','Long Road Home','H-940',0,0),(1125,'Finke, Beth','Long Time, No See','Rh',0,0),(1126,'Brokaw, Tom','Long way from home','Bio',0,0),(1127,'Beah,Ishmael','Long Way Home, A','Bio',0,0),(1128,'Pilcher, Robin','Long Way Home, The','Fic',0,0),(1129,'Sparks, Nicholas','Longest ride, The','Fic',0,0),(1130,'Grogan, John','Longest trip home, The','Rh',0,0),(1131,'Sobel, Dava','Longitude','Sci',0,0),(1132,'Friedman, Thomas L.','Longitudes & Attitudes','H-974.71',0,0),(1133,'Scottoline, Lisa','Look again','M&T',0,0),(1134,'Clark, Mary Jane','Look of love','LP',0,0),(1135,'Helmke, George E.','Lord Stirling','FV auth',0,0),(1136,'Byrd, Robert','Losing America','H-973',0,0),(1137,'Buckley, Christopher','Losing Mum and Pup','Bio',0,0),(1138,'Milton, Joyce','Loss of Eden','Bio',0,0),(1139,'Kiernan, Denise','Lost Castle, The','H-978.41',0,0),(1140,'Cussler, Clive','Lost empire','LP',0,0),(1141,'Card, Orson Scott','Lost gate, The','Fic',0,0),(1142,'Coulter, Catherine','Lost key, The','Fic',0,0),(1143,'Harr, Jonathan','Lost painting','LP',0,0),(1144,'Clark, Mary Higgins','Lost years, The','M&T',0,0),(1145,'Quindlen, Anna','Lots of candles, plenty of cake','Rh',0,0),(1146,'Rukeyser, Louis','Louis Rukeyser\'s business almanac ','Ref',0,0),(1147,'Benchley, Robert','Love conquers all','humor',0,0),(1148,'Sturrock,Donald','Love from Boy','Rh',0,0),(1149,'Dibsie, Patricia','Love heels: tales from canine companions etc.','Sci',0,0),(1150,'Macomber, Debbie','Love Letters','Fic',0,0),(1151,'Eridrich, Louise','Love Medicine','Fic',0,0),(1152,'Gordon, Mary','Love of my youth, The','Fic',0,0),(1153,'Shakespeare, William','Love poems & sonnets of W.S., The','Poe',0,0),(1154,'Landis, Jill Marie','Lover\'s Lane','M&T',0,0),(1155,'King, Larry','Love stories of World War II','LP',0,0),(1156,'Horan, Nancy','Loving Frank','Fic',0,0),(1157,'Frank, Dorothea Benton','Lowcountry Summer','Fic',0,0),(1158,'Lahiri, Jhumpa','Lowland, The','Fic',0,0),(1159,'Woods, StuArt','Lucid Intervals','M&T',0,0),(1160,'Knoll, Jessica','Luckiest Girl Alive','Fic',0,0),(1161,'Ung, Loung','Lucky child','Bio',0,0),(1162,'Brokaw, Tom','Lucky Life Interruped','Health',0,0),(1163,'Fox, Michael J.','Lucky man','LP',0,0),(1164,'Parker, Robert B.','Lullaby ','M&T',0,0),(1165,'Foy, Sally','Macculloch Hall','NJ',1,0),(1166,'Unger, Miles J.','Machiavelli','Bio',0,0),(1167,'Atwood, Margaret','Madd Addam','Fic',0,0),(1168,'Esposito, Frank','Madison heritage trail','NJ',0,0),(1169,'Emerson, Jason','Madness of Mary Lincoln','Bio',0,0),(1170,'Lowell, Catherine','Madwoman Upstairs, The','Fic',0,0),(1171,'Binchy, Maeve','Maeve\'s Times','Rh',0,0),(1172,'Steel, Danielle','Magic','Fic',0,0),(1173,'Albom, Mitch','Magic Strings of Frank Presto','LP',0,0),(1174,'Larson, Edward','Magnificent Catastrophe, A','H-324',0,0),(1175,'Smithsonian','Magnificent Voyagers 1838 - 1842','Oversize',0,0),(1176,'Smithsonian','Magnificent Voyagers 1838 - 1842','Oversize',0,0),(1177,'Viola & Margolis','Magnificent Voyageur','Oversize',0,0),(1178,'Sullivan, J. Courtney','Maine','Fic',0,0),(1179,'Simonson, Helen','Major Pettigrew’s last stand','Fic',0,0),(1180,'Child, Lee','Make Me','LP',0,0),(1181,'Eaton, Rebecca','Making Masterpiece','Rh',0,0),(1182,'Eckler, Ross','Making the alphabet dance','FV auth',0,0),(1183,'Stibbe, Nina','Man at the Helm','Fic',0,0),(1184,'Backman, Fredrik','Man Called Ove, A','Fic',0,0),(1185,'Mankell, Henning','Man from Beijing, The','Fic',0,0),(1186,'Vance, J.D.','Man Overboard ','Fic',0,0),(1187,'Morgan, Robert','Man who flew the Memphis Belle','Bio',0,0),(1188,'Mayo Clinic','Managing diabetes','Health',0,0),(1189,'Reff,Theodore','Manet and Modern Paris','Art',0,0),(1190,'Eagan, Jennifer','Manhattan Beach','LP',0,0),(1191,'Rae, John W.','Mansions of Morris County','NJ',0,0),(1192,'Winchester, Simon','Map that changed the world','Sci',0,0),(1193,'Doctorow, E.L.','March, The','LP',0,0),(1194,'Bain,Doris','Margaret Truman\'s Deadly Medicine','M&T',0,0),(1195,'Fraser, Antonia ','Marie Antoinette','Bio',0,0),(1196,'Powers, Ron','Mark Twain: A Life','Bio',0,0),(1197,'Grogan, John','Marley and me','Sci',0,0),(1198,'Michaels, Fern','Marriage Game','Fic',0,0),(1199,'Weir, Alison','Marriage game, The','Fic',0,0),(1200,'Brady, Patricia','Martha Washington','Bio',0,0),(1201,'Weir, Andy','Martian, The','Fic',0,0),(1202,'Jessen, MArtin D.','Marty’s musings','NJ',0,0),(1203,'Roberts, Andrew','Masters and Commanders ','H-978',0,0),(1204,'Hilderbrand, Elin','Matchmaker, The','LP',0,0),(1205,'Geroux. William','Mathews Men, The','Rh',0,0),(1206,'Selz, Jean','Matisse','Art',0,0),(1207,'Spurling, Hilary','Matisse, the master','Bio',0,0),(1208,'Cussler, Clive','Mayan secrets, The','M&T',0,0),(1209,'Fulghum, Robert','Maybe (maybe not)','Rh',0,0),(1210,'Philbrick, Nathaniel','Mayflower','Rh',0,0),(1211,'Moyes, Jojo','Me before you','Fic',0,0),(1212,'Winchester, Simon','Meaning of everything','Rh',0,0),(1213,'Poitier, Sidney','Measure of a man','Bio',0,0),(1214,'Linklater, Andro','Measuring America','H-920',0,0),(1215,'Babbott, Edward F.','Meditations','FV auth',0,0),(1216,'Babbott, Edward F.','Meditations','FV auth',0,0),(1217,'Adams, Mark','Meet Me in Atlantis','Rh',0,0),(1218,'Standiford, Les','Meet You in Hell','H-338.7',0,0),(1219,'Yamashita, Michael','Mekong','Travel',0,0),(1220,'Cannadine, David','Mellon: an American life','Bio',0,0),(1221,'Clark, Mary Higgins','Melody Lingers On, The','M&T',0,0),(1222,'Albright, Madeline','Memo to the President-elect','Rh',0,0),(1223,'Rockefeller, David','Memoirs','Bio',0,0),(1224,'Crook, Thomas H.','Memory advantage, The','Health',0,0),(1225,'Robb, J.D.','Memory in death','LP',0,0),(1226,'Winchester, Simon','Men Who United the States','H-973',0,0),(1227,'Winchester, Simon','Men Who United the States','LP',0,0),(1228,'Hopler, MArtha','Mendhams, The','NJ',0,0),(1229,NULL,'Merck manual of Health and aging','Ref',0,0),(1230,NULL,'Merck manual of medical information','Ref',0,0),(1231,'Garwood, Julie','Mercy ','Fic',0,0),(1232,'Morrison, Toni','Mercy, A','Fic',0,0),(1233,'Winspear, Jacqueline','Messenger of truth','M&T',0,0),(1234,'Perry, Anne','Midnight at Marble Arch','LP',0,0),(1235,'Berenson, Alex','Midnight house, The','M&T',0,0),(1236,'Furst, Alan','Midnight in Europe','M&T',0,0),(1237,'Child, Lee','Midnight Line, The','M&T',0,0),(1238,'Dyer, David','Midnight Watch, The','Fic',0,0),(1239,'Archer, Jeffrey','Mightier Than the Sword','Fic',0,0),(1240,'Albright, Madeline','Mighty and the Almighty, The','LP',0,0),(1241,'Rader, Peter','Mike Wallace: a life','Bio',0,0),(1242,'Evans, Richard Paul','Miles to go','LP',0,0),(1243,'Kaur, Rupi','Milk and Honey','LP',0,0),(1244,'Quindlen, Anna','Miller\'s Valley','Poetry',0,0),(1245,'Quindlen, Anna','Miller\'s Way','Fic',0,0),(1246,'Schap+A1329iro, Amy','Millicent Fenwick - her way ','Bio',0,0),(1247,'Binchy, Maeve','Minding Frankie','LP',0,0),(1248,'Burton, Jessie','Miniaturist, The','LP',0,0),(1249,'Burton, Jessie','Miniaturist, The','Fic',0,0),(1250,'Patterson, James','Miracle at Augusta','Rh',0,0),(1251,'McCall Smith, Alexander ','Miracle at Speedy Motors','LP',0,0),(1252,'Cunningham, John T.','Miracle on South Street','NJ',0,0),(1253,'Mackey, Sandra','Mirror on the Arab world','H-956.92',0,0),(1254,'Watson, B','Miss Jane','Fic',0,0),(1255,'Christie, Agatha','Miss Marple','SS',0,0),(1256,'Coban, Harlan','Missing You','M&T',0,0),(1257,'Furst, Alan','Mission to Paris','M&T',0,0),(1258,'Iles, Greg','Mississippi Blood','LP',0,0),(1259,'Krakauer, Jon','Missoula','Rh',0,0),(1260,'James. P.D.','Mistletoe Murder. The','LP',0,0),(1261,'Patterson, James','Mistress','LP',0,0),(1262,'Steel, Danielle','Mistress','M&T',0,0),(1263,'Livingstone, N','Mistress of Cliveden','LP',0,0),(1264,'Mills, Marja','Mockingbird next door, The','Bio',0,0),(1265,'Kadans, Joseph','Modern encyclopedia of herbs','Sci',0,0),(1266,'Brennert, Alan','Moloka’i','LP',0,0),(1267,'Dodson, Aidan','Monarchs of the Nile','H-932.01',0,0),(1268,'National Gallery','Monet and Modern Paris Art','Art',0,0),(1269,'Murray, Elizabeth','Monet’s passion','Art',0,0),(1270,'Henig, Robin','Monk in the garden','Bio',0,0),(1271,'McCourt, Malachy','Monk swimming, A','Bio',0,0),(1272,'Edsel, Robert M.','Monuments Men, The','H-940',0,0),(1273,'Robson, Jennifer','Moonlight Over Paris','LP',0,0),(1274,'Allen, Brooke','Moral Minority','Rh',0,0),(1275,'McCall Smith, Alexander ','Morality for beautiful girls','LP',0,0),(1276,'Strouse, Jean','Morgan - American Financier','Bio',0,0),(1277,'Lee, James ','Morris Canal','NJ',0,0),(1278,'Cavanaugh, Cam','Morris Township times 1740 - 1990','FV auth',0,0),(1279,'Haskins, Barbara','Morris Township, New Jersey','NJ',0,0),(1280,'Williams, Joan M.','Morristown','NJ',0,0),(1281,'Scottoline, Lisa','Most Wanted','M&T',0,0),(1282,'Kellerman, Jonathan','Motive','M&T',0,0),(1283,'Moyers, BIll','Moyers on America','Rh',0,0),(1284,'Moyers, BIll','Moyers on democracy','Rh',0,0),(1285,'Michaels, Fern','Mr. and Miss Anonymous','Fic',0,0),(1286,'King, Stephan','Mr. Mercedes','M&T',0,0),(1287,'Goldberg, Lee','Mr. Monk in outer space','LP',0,0),(1288,'O’Brien, Michael','Mrs. Adams in Winter','H-940',0,0),(1289,'Chiaverini, Jennifer','Mrs. Grant & Madame Jule','Fic',0,0),(1290,'Hill, Clint','Mrs. Kennedy and Me','H-973.92',0,0),(1291,'Gilman, Dorothy','Mrs. Pollifax, innocent tourist ','LP',0,0),(1292,'Gilman, Dorothy','Mrs. Pollifax, pursued','LP',0,0),(1293,'Gilman, Dorothy','Mrs. Pollifax, unveiled','M&T',0,0),(1294,'Walters, Lousie','Mrs. Sinclair\'s Suitcase','Fic',0,0),(1295,'Craig, Philip','Murder at a Vineyard mansion ','M&T',0,0),(1296,'Patterson, James','Murder Games','M&T',0,0),(1297,'Patterson, James','Murder House, The','LP',0,0),(1298,'Patterson, James','Murder of King Tut, The','Bio',0,0),(1299,'Bain, Donald','Murder She Wrote: A Fatal Feast','LP',0,0),(1300,'Fletcher, Jessica','Murder she wrote: murder on parade','LP',0,0),(1301,'Kellerman, Jonathan','Murder\'s Daughter, The','M&T',0,0),(1302,'Sotomayor, Sonia','My beloved world','Bio',0,0),(1303,'Updike, John','My father’s tears','SS',0,0),(1304,'Backman, Fredrik','My Grandmother Asked Me …','Fic',0,0),(1305,'Hayes, Helen','My life in three acts','Bio',0,0),(1306,'Fonda, Jane','My life so far','Bio',0,0),(1307,'Norwich, Williaam','My Mrs. Brown','Fic',0,0),(1308,'Strout, Elizabeth','My Name Is Lucy Barton','Fic',0,0),(1309,'Ginsberg, Ruth Bader','My Own Words','Bio',0,0),(1310,'Belafonte, Harry','My song','Bio',0,0),(1311,'Lang Lang','My story','Bio',0,0),(1312,'Taylor, Jill Bolte','My stroke of insight','Bio',0,0),(1313,'Woods, StuArt','Naked Greed','M&T',0,0),(1314,'Thayer, Nancy','Nantucket sisters','Fic',0,0),(1315,'Bryan, C.D.B.','Nat’l Geo.100 yrs. of adventure & discovery','Oversize',0,0),(1316,'Iles, Greg','Natchez burning','LP',0,0),(1317,'Duncan, Dayton ','National parks, The','Oversize',0,0),(1318,'Trudeau, Kevin','Natural cures','Health',0,0),(1319,'Peterson, Robert','Natural wonders of the Jersey pines and shore','NJ',0,0),(1320,'Lunde, Darrin','Naturalist, The','Bio',0,0),(1321,'Hiaasen, Carl','Nature girl','Fic',0,0),(1322,'Leslie, Clare Walker','Nature journaling','Sci',0,0),(1323,'Penny, Louise','Nature of the Beast, The ','M&T',0,0),(1324,'Harris, Neal','Neal Patrick Harris','Bio',0,0),(1325,'Brunet, Helen Tower','Nellie and Charlie','Bio',0,0),(1326,'Adkins, Roy','Nelson’s Trafalgar','H-940',0,0),(1327,'Coulter, Catherine','Nemesis','M&T',0,0),(1328,'Sweeney, Cynthia','Nest, The','Fic',0,0),(1329,'Gingrich, Newt','Never call retreat','Fic',0,0),(1330,'Child, Lee','Never go back','LP',0,0),(1331,'Paterson, James','Never, Never','LP',0,0),(1332,'Immerso, Michael','Newark’s Little Italy','NJ',0,0),(1333,'Flesch, Rudolf, ed.','New book of unusual quotations, The','LP',0,0),(1334,'Weldon, Fay','New Countess, The','Fic',0,0),(1335,'Tolle, EckhArt','New EArth, A','Rh',0,0),(1336,'Cunningham, John T.','New Jersey A Scenic Discovery','NJ',0,0),(1337,'Cunningham, John T.','New Jersey America\'s Main Road','NJ',0,0),(1338,'Mitchell, Alison','New Jersey Highlands: Treasures at risk','NJ',0,0),(1339,'Hoagland, StewArt','New Jersey Historical profiles','NJ',0,0),(1340,'NJ Historical Society','New Jersey History (5 vol.)','NJ',0,0),(1341,'Till, Tom','New Jersey Images of wildness','NJ',0,0),(1342,'Office of Public Information','New Jersey Legislature (2 copies)','NJ',0,0),(1343,'Princeton Univ. Library','New Jersey Road Maps (18th century)','NJ',0,0),(1344,'Cunningham, John T.','New Jersey Sampler, The','NJ',0,0),(1345,'Veasey, David','New Jersy, Then and Now','NJ',0,0),(1346,'Choroszewski, Walter','New Jersey We Love, The','NJ',0,0),(1347,'Choroszewski, Walter','New Jersey:A 25 year retrospective','NJ',0,0),(1348,'Choroszewski, Walter','New Jersey, A Photographic Journey','NJ',0,0),(1349,'Cunningham, John T.','New Jersey:A photographic journey','NJ',0,0),(1350,'Choroszewski, Walter','New Jersey:A scenic discovery','NJ',0,0),(1351,NULL,'New Larousse Encyclopedia of Mythology','Ref',0,0),(1352,NULL,'New Oxford American Dictionary 2005','Ref',0,0),(1353,'Robb, J.D.','New York to Dallas','LP',0,0),(1354,'Mankoff, Robert','New Yorker, The','Oversize',0,0),(1355,'Immerso, Michael','Newark’s Little Italy','NJ',0,0),(1356,'Haigh, Jennifer','News from Heaven','LP',0,0),(1357,'Weller, Sheila','News Sorority, The','Rh',0,0),(1358,'Massie, Robert K.','Nicholas and Alexandra','Bio',0,0),(1359,'Morgenstern, Erin','Night circus, The ','Fic',0,0),(1360,'Lowell, Elizabeth','Night diver','M&T',0,0),(1361,'Berenson, Alex','Night Ranger, The','M&T',0,0),(1362,'Child,Lee','Night School: Jack Reacher','LP',0,0),(1363,'Frazier, Charles ','Night woods','LP',0,0),(1364,'Hannah, Kristin','Nightingale, The','Fic',0,0),(1365,'Toobin, Jeffrey','Nine, The','Rh',0,0),(1366,'Salisbury, Harrison','900 Days:The siege of Leningrad ','H-973.91',0,0),(1367,'Piper, Don','90 minutes in heaven','Rh',0,0),(1368,'Macomber, Debbie','92 Pacific Boulevard','LP',0,0),(1369,'Turpin, John K. ','NJ country houses: The Somerset Hills, Vol. I','Oversize',0,0),(1370,'Turpin, John K. ','NJ country houses: The Somerset Hills, Vol. II','Oversize',0,0),(1371,'Veasey, David','NJ Then and Now','NJ',0,0),(1372,'McCArthy, Cormac','No country for old men','Fic',0,0),(1373,'Baldacci, David','No Man\'s Land','LP',0,0),(1374,'Goodwin, Doris K.','No ordinary time','Bio',0,0),(1375,'Todd, Charles','No Shred of Evidence','LP',0,0),(1376,'Gordimer, Nadine','No time like the present','Fic',0,0),(1377,'Tyler, Ann','Noah’s compass','LP',0,0),(1378,'Toibin, Colm','Nora Webster','Fic',0,0),(1379,'Claridge, Laura','Norman Rockwell','Bio',0,0),(1380,'Hoffman, Marian','Norman Rockwell’s American children','Oversize',0,0),(1381,'Hoffmann, Marian','Norman Rockwell’s American children','Art',0,0),(1382,'Gaiman, Neil','Norse Mythology','Fic',0,0),(1383,'McFarland, Dennis','Nostalgia','Fic',0,0),(1384,'Ambrose, Stephen E.','Nothing Like It in the World','H-973.9 ',0,0),(1385,'Blackwell, Jon','Notorious New Jersey','NJ',0,0),(1386,'Evanovich, Janet','Notorious nineteen','LP',0,0),(1387,'Patterson, James','Now you see her','LP',0,0),(1388,'Buckley, William F., Jr.','Nuremberg - The reckoning','Fic',0,0),(1389,'McEwan, Ian','Nutshell','LP',0,0),(1390,'Widmer, Ted','NY Times Disunion','H-973.7 ',0,0),(1391,'Patterson, James','NYPD Red','LP',0,0),(1392,'Kellerman, Jonathan','Obession ','M&T',0,0),(1393,'Roberts, Nora','Obession, The','Fic',0,0),(1394,'Robb, J.D.','Obession in Death','M&T',0,0),(1395,'King, Josh','Off Script','Rh',0,0),(1396,'Siddons, Anne Rivers','Off Season','Fic',0,0),(1397,'Harris, Robert','Officer and a spy, An','M&T',0,0),(1398,'Uris, Leon','O\'hare\'s Choise','Fic',0,0),(1399,'Whitcomb, John & Clair ','Oh say can you see','FV auth',0,0),(1400,'Mellick, Andrew','Old farm, The','NJ',0,0),(1401,'Wilder, Effie','Older but wilder','humor',0,0),(1402,'McEwan, Ian','On Chesil Beach','Fic',0,0),(1403,'Poole, Robert M.','On Hallowed Ground','H-975.5',0,0),(1404,'Rehm, Diane','On My Own','LP',0,0),(1405,'Lehman, John','On Seas of Glory','H-359',0,0),(1406,'Sacks, Oliver','On the Move','Bio',0,0),(1407,'Ellis, Richard','On thin ice','Sci',0,0),(1408,'Armstrong,Alexandra','On Your Own','Rh',1,0),(1409,'Giffin, Emily','One and Only, The','Fic',0,0),(1410,'Bushnell, Candice','One Fifth Avenue','Fic',0,0),(1411,'Entertainment Weekly','One hundred greatest TV shows of all time, The','Oversize',0,0),(1412,'Wilder, Effie','One More Time','humor',0,0),(1413,'Carson, Ben MD','One Nation','Rh',0,0),(1414,'Scottoline, Lisa','One Perfect Life','M&T',0,0),(1415,'Moyes, Jojo','One plus one','Fic',0,0),(1416,'Baldacci, David','One Summer','LP',0,0),(1417,'Bryson, Bill','One Summer','H-973.91 ',0,0),(1418,'Schultz, Patricia','1000 Places to see before you die','Travel',0,0),(1419,'Tyson, Neil','One universe at home in the cosmos','Oversize',0,0),(1420,'Agassi, Andre','Open','Bio',0,0),(1421,'Macintyre, Ben','Operation Mincemeat','H-940.5 ',0,0),(1422,'Taylor, Peter','Oracle at Stoneleigh Court','SS',0,0),(1423,'Luckas, Michael David','Oracle of Stamboul, The ','Fic',0,0),(1424,'Buck, Rinker','Oregon Trail, The','H-978',0,0),(1425,'Schürmann, Ulrich','Oriental carpets','Art',0,0),(1426,'Cooper-Ewitt Museum ','Oriental rugs','Oversize',0,0),(1427,'Brown, Dan','Origin ','LP',0,0),(1428,'James, P.D.','Original Sin','M&T',0,0),(1429,'Jenoff, Pam','Orphan\'s Tale, The','Fic',0,0),(1430,'Kline, Christina','Orphan train','Fic',0,0),(1431,'Ohanesian, Aline','Orphan\'s Inheritance','Fic',0,0),(1432,'Gregory, Philippa','Other queen, The','Fic',0,0),(1433,'Kerr, Phillip','Other Side of Silence, The','Fic',0,0),(1434,'Life','Our century in pictures','Oversize',0,0),(1435,'National Geographic Soc.','Our continent','Travel',0,0),(1436,'National Geographic Soc.','Our fifty states','Travel',0,0),(1437,'le Carre, John','Our Kind of Traitor','M&T',0,0),(1438,'Barclay, Barbara','Our Presidents','Oversize',0,0),(1439,'Dineson, Isak','Out of Africa','H-967.62',0,0),(1440,'Rooney, Andy','Out of my mind','Rh',0,0),(1441,'O’Connor, Sandra Day','Out of Order','H-347.7',0,0),(1442,'Wilder, Effie','Out to pasture','humor',0,0),(1443,'Wilder, Effie','Over what hill?','humor',0,0),(1444,'Windrow, MArtin','Owl who liked Caesar, The','Rh',0,0),(1445,'Soucy, Len','Owls of New Jersey','NJ',0,0),(1446,'Hall, Kermit, Ed.','Oxford Companion to the Supreme Court','H-347 ',0,0),(1447,NULL,'Oxford New Concise World Atlas (2003)','Ref',0,0),(1448,'NYTimes','Page One, major events 1920 - 1976','Oversize',0,0),(1449,'Lee, Min Jin','Pachinko','M&T',0,0),(1450,'Parker, Robert B.','Painted ladies','LP',0,0),(1451,'Carter, Jimmy','Palestine: Peace Not Apartheid','H-956 ',0,0),(1452,'DeMille, Nelson','Panther, The','LP',0,0),(1453,'Reynolds, Regina B.','Paper Mill Playhouse','NJ',0,0),(1454,'Morrison, Toni','Paradise','Fic',0,0),(1455,'Winspear, Jacqueline','Pardonable lies, The','M&T',0,0),(1456,'MacMillan, Margaret','Paris 1919','H-940.3',0,0),(1457,'Marton, Katie','Paris a love story','Bio',0,0),(1458,'Moyes. Jojo','Paris for One and Other Stories','M&T',0,0),(1459,'Woods, StuArt','Paris Match','LP',0,0),(1460,'McLain, Paula','Paris wife, The','Fic',0,0),(1461,'Branch, Taylor','Parting the Waters','H-973 ',0,0),(1462,'Frelinghuysen, Joseph S.','Passage to freedom','Bio',0,0),(1463,'Lutz, Lisa','Passenger, The','M&T',0,0),(1464,'Ohrbach, Barbara Milo','Passion for antiques, A','Art',0,0),(1465,'Gates, Robert','Passion for Leadership, A','NF',0,0),(1466,'Hadley, Tessa','Past, The','Fic',0,0),(1467,'Steel, Danielle','Past Perfect','Fic',0,0),(1468,'Fricke, George','Pastors and History of the Presbyterian Church BR FV Auth',NULL,0,0),(1469,'Kristof, Nicholas D. ','Path Appears, A','LP',0,0),(1470,'Nasaw, David','Patriarch, The','Bio',0,0),(1471,'Patton, Robert H.','Patriot Pirates ','H-973 ',0,0),(1472,'Berry, Steve','Patriot Threat, The','Fic',0,0),(1473,'Thor, Brad','Patriot, The','M&T',0,0),(1474,'Waters, Sarah','Paying Guest, The','Fic',0,0),(1475,'Marshall, Megan','Peabody Sisters, The','Bio',0,0),(1476,'Balakyrishnan, Vijay','Peace Inc.','Fic',0,0),(1477,'Enger, Leif','Peace like a river','Fic',0,0),(1478,'Spurling, Hilary','Pearl Buck in China','Bio',0,0),(1479,'Moody, Sidney C. Jr.','Pearl Harbor','FV auth',0,0),(1480,'Wallin,V. Admiral Homer','Pearl Harbor ','H-973.91',0,0),(1481,'Steel, Danielle','Pegasus','LP',0,0),(1482,'Meyer, Joyce ','Penny, The','LP',0,0),(1483,'See, Lisa','Peony in love','LP',0,0),(1484,'Vincenzi, Penny','Perfect Heritage, A','Fic',0,0),(1485,'Steel, Danielle','Perfect life, A','LP',0,0),(1486,'Quick, Amanda','Perfect poison, The','Fic',0,0),(1487,'Lowell, Elizabeth','Perfect Touch','Fic',0,0),(1488,'Lowell, Elizabeth','Perfect Touch','LP',0,0),(1489,'Carson, Ben MD','Perfect Union, A','Rh',0,0),(1490,'Johansen, Iris','Perfect Witness, The','Fic',0,0),(1491,'Fleming, Thomas','Perils of Peace, The','H-973 ',0,0),(1492,'Satrapi, Marjane','Persepolis','NF',0,0),(1493,'Darnton, Kate','Peter Jennings: A Reporter\'s Life','Bio',0,0),(1494,'Sixmith, MArtin','Philomena','Rh',0,0),(1495,'Lehrer, Jim','Phony Marine, The','Fic',0,0),(1496,'Rockwell, Norman','Pictures for the American people','Oversize',0,0),(1497,'Kline, Christina Baker','Piece of the World','LP',0,0),(1498,'Masson, Jeffrey M.','Pig who sang to the moon, The','LP',0,0),(1499,'LeCarre, John','Pigeon Tunnel, The','Bio',0,0),(1500,'Silverman, Harold','Pill book, The','Ref',0,0),(1501,'McPhee, John','Pine Barrens, The ','NJ',0,0),(1502,'Zacks, Richard','Pirate hunter','Bio',0,0),(1503,'Tinniswood, Adrian','Pirates of Barbary','H-909 ',0,0),(1504,'LescroArt, John','Plague of secrets, A','M&T',0,0),(1505,'Grisham, John','Playing for Pizza','M&T',0,0),(1506,'Felleman, Hazel','Poems that Live Forever','Poe',0,0),(1507,'Lathem, Edward ed.','Poetry of Robert Frost','Poe',0,0),(1508,'Michaels, Fern','Point Blank','M&T',0,0),(1509,'Michaels, Fern','Point Blank','LP',0,0),(1510,'Harris, Robert','Pompeii','Fic',0,0),(1511,'Cross, Donna Woolfolk','Pope Joan','Fic',0,0),(1512,'Titlelman, Gregory','Popular proverbs and sayings','Ref',0,0),(1513,'Frank, Dorothea','Porch Lights','Fic',0,0),(1514,'Cornwell, Patricia','Portrait of a killer','Rh',0,0),(1515,'Silva, Daniel','Portrait of a spy','M&T',0,0),(1516,'Bush, George W.','Portraits of Courage','H-978-473',0,0),(1517,'Devlin, Harry','Portraits in American architecture','Art',0,0),(1518,'Zakaria, Fareed','Post-American world, the','Rh',0,0),(1519,'Coulter, Catherine','Power play','M&T',0,0),(1520,'Steel, Danielle','Power play','LP',0,0),(1521,'Ingraham, Laura','Power to the people','Rh',0,0),(1522,'Albright, Madeline','Prague winter','Bio',0,0),(1523,'Fraser, Caroline','Prairie Fires','Bio',0,0),(1524,'Smith, Wilber','Predator','M&T',0,0),(1525,'Chorba, George I.','Presbyterian Church, New Vernon','NJ',0,0),(1526,'Beschloss, Michael','Presidential Courage ','H-973.09',0,0),(1527,'Meltzer, Brad','President\'s Shadow','M&T',0,0),(1528,'Esselstyn, Caldwell B., M.D.','Prevent and reverse heArt disease','Health',0,0),(1529,'Durham, David','Pride of CArthage','Fic',0,0),(1530,'Smith, Sally Bedell','Prince Charles','Bio',0,0),(1531,'Rice, Anne','Prince Lestat','Fic',0,0),(1532,'Novak, Robert D.','Prince of darkness, The','Bio',0,0),(1533,'Eade, Philip','Prince Philip','Bio',0,0),(1534,'Archer, Jeffrey','Prisoner of birth, The','Fic',0,0),(1535,'Patterson, James','Private Berlin','Fic',0,0),(1536,'Patterson, James','Private L.A.','LP',0,0),(1537,'Patterson, James','Private L.A.','LP',0,0),(1538,'Smiley, Jane','Private life','M&T',0,0),(1539,'Patterson, James','Private Paris','M&T',0,0),(1540,'James, P.D.','Private patient, The','M&T',0,0),(1541,'Patterson, James','Private Vegas','M&T',0,0),(1542,'Steel, Danielle','Prodigal Son','Fic',0,0),(1543,'Kingsolver, Barbara','Prodigal summer','Fic',0,0),(1544,'Alexander, Eben','Proof of heaven','LP',0,0),(1545,'Steele, Danielle ','Property of Noblewomen','Rh',0,0),(1546,'Luce, Kelly','Pull Me Under','Fic',0,0),(1547,'Franzen, Jonathan','Purity','Fic',0,0),(1548,'Perry, Thomas','Pursuit','M&T',0,0),(1549,'Lindsey, Johanna','Pursuit, The','LP',0,0),(1550,'Ellis, Joseph J.','Quartet, The','H-973.41',0,0),(1551,'Chee, Alexander','Queen of the Night, The','Fic',0,0),(1552,'Miles, Rosland','Queen of the Western Isle','Fic',0,0),(1553,'Hawksley, Lucinda','Queen Victoria\'s Mysterious Daughter','H-941.08',0,0),(1554,'Gara, Donald','Queen\'s American Rangers','H-973',0,0),(1555,'Lofts, Norah','Queens of England','H-970 ',0,0),(1556,'DeMille, Nelson','Quest, the','LP',0,0),(1557,'Todd, Charles','Question of honor, A','M&T',0,0),(1558,'Woods, Stuart','Quick and Dirty','M&T',0,0),(1559,'Patterson, Richard North','Race, The','M&T',0,0),(1560,'Grissom, John','Racketeer, The','LP',0,0),(1561,'DeMille, Nelson','Radiant Angel','M&T',0,0),(1562,'Cunningham, John T.','Railroads in New Jersey','NJ',0,0),(1563,'Cooper, Anderson','Rainbow Comes and Goes, The','Rh',0,0),(1564,'Saramago, Jose','Raised from the ground','Fic',0,0),(1565,'Tessaro, Kathleen','Rare Objects','Fic',0,0),(1566,'Shaw, Judy','Raritan River, The','NJ',0,0),(1567,'Rankin, Ian','Rather be the Devil','Bio',0,0),(1568,'Reagan, Ronald','The Reagan Diaries','Bio ',0,0),(1569,'Asbury Press','Real Jersey Shore, The','Oversize',0,0),(1570,'Whitcomb, John & Clair ','Real life in the Whitehouse','FV auth',0,0),(1571,'Buchman, Stephen','Reason for Flowers','Sci',0,0),(1572,'Sheer, George F.','Rebels and Redcoats','H-973 ',0,0),(1573,'Michener, James','Recessional',NULL,0,0),(1574,'Gross, Andrew','Reckless','M&T',0,0),(1575,'Kava, Alex','Reckless Creed','M&T',0,0),(1576,'Kogan, Deborah Copaken','Red Book, The','Fic',0,0),(1577,'Cornwell, Patricia','Red mist','LP',0,0),(1578,'Browder, Bill','Red Notice','Rh',0,0),(1579,'Gregory, Philippa','Red queen, The','Fic',0,0),(1580,'Diamant, Anita','Red Tent, The','Fic',0,0),(1581,'Flagg, Fannie','Redbird Christmas','Fic',0,0),(1582,'Bradford, Sarah','Reluctant King','Bio',0,0),(1583,'Ishiguro, Kazue','Remains of the Day, The','Fic',0,0),(1584,'Chevalier, Tracy','Remarkable creatures','LP',0,0),(1585,'Bilby, Joseph','Remember you are a Jerseyman','NJ',0,0),(1586,'Goudge, Eileen','Replacement wife, The','LP',0,0),(1587,'Shreve, Anita','Rescue','Fic',0,0),(1588,'Brower, Kate','Residence, The','H-975.3',0,0),(1589,'Palmer, Michael','Resistant','LP',0,0),(1590,'Larson, Edward','Return of George Washington','LP',0,0),(1591,'Nichol, John','Return of the Dambusters','H-940.54',0,0),(1592,'Perry, Anne','Revenge in a Cold River','M&T',0,0),(1593,'Connelly, Michael','Reversal, The ','LP',0,0),(1594,NULL,'Reverse dictionary','Ref',0,0),(1595,'Rakove, Jack','Revolutionaries','H-973.3',0,0),(1596,'Wood, Gordon','Revolutionary Characters','H-973.3',0,0),(1597,'McCaig, Donald','Rhett Butler’s people','Fic',0,0),(1598,'Brinkley, Douglas','Rightful Heritage','H-973.91',0,0),(1599,'Steel, Danielle','Right Time, the','LP',0,0),(1600,'Allende, Isabel','Ripper','M&T',0,0),(1601,'Koryta, Michael','Rise the Dark','Fic',0,0),(1602,'Goodman, Carol','River Road','M&T',0,0),(1603,'Hessler, Peter','River Town: Two Years on the Yangtze','H-915.13',0,0),(1604,'Brooks, David','Road to Character, The','Rh',0,0),(1605,'Deaver, Jeffery','Roadside crosses','M&T',0,0),(1606,'Parim, Jay','Robert Frost, A Life','Bio',0,0),(1607,'Lustbader, Eric ','Robert Ludlum’s The Bourne imperative ','M&T',0,0),(1608,'Lustbader, Eric ','Robert Ludlum’s The Bourne retribution','M&T',0,0),(1609,'Atkins, Ace','Robert Parker\'s Kickback','M&T',0,0),(1610,'Robert, Henry M.','Robert\'s Rules of order 11th ed.','Ref',0,0),(1611,'Hillerman, Anne','Rock With Wings','M&T',0,0),(1612,NULL,'Roget\'s International Thesaurus - 4th ed. ','Ref',0,0),(1613,'Grisham, John','Rogue Lawyer','M&T',0,0),(1614,'Grisham, John','Rogue Lawyer','LP',0,0),(1615,'Sebog Montefiore, Simon','Romanovs, The ','H',0,0),(1616,'Massie, Robert K. ','Romanovs, The: The Final Chapter','H-747.08',0,0),(1617,'Donoghue, Emma','Room','LP',0,0),(1618,'Persico, Joseph','Roosevelt\'s Secret War','H-940.54',0,0),(1619,'Simsion, Graeme','Rosie Effect, The','Fic',0,0),(1620,'Simsion, Graeme','Rosie Project, The','Fic',0,0),(1621,'Grisham, John','Rooster Bar, The','M&T',0,0),(1622,'Sandford, John','Rough country','M&T',0,0),(1623,'Schama, Simon','Rough crossing','H-326',0,0),(1624,'Erdrich, Louise','Round house, The ','LP',0,0),(1625,'Massie, Allan','Royal StuArts ','H-941',0,0),(1626,'Caldwell, Ian','Rule of four','M&T',0,0),(1627,'Reich, Christopher','Rules of vengeance','M&T',0,0),(1628,'Hilderbrand, Elin','Rumor, The','Fic',0,0),(1629,'May, Peter','Runaway','M&T',0,0),(1630,'Munro, Alice','Runaway','SS',0,0),(1631,'Lee, Patrick','Runner ','Fic',0,0),(1632,'Oates, Joyce Carol','Sacrifice, The','Fic',0,0),(1633,'Sparks, Nicholas','Safe haven','NJ',0,0),(1634,'Weis, Eleanor','Saga of a crossroads, Florham Park','NJ',1,0),(1635,'Wells, Colin','Sailing from Byzantium','H-940',0,0),(1636,'Koontz, Dean','Saint Odd','M&T',0,0),(1637,'Sullivan, J. Courtney','Saints for all Occasions','Fic',0,0),(1638,'Moss, Michael','Salt, sugar, fat','Health',0,0),(1639,'Sapetys, Ruta','Salt to the Sea','LP',0,0),(1640,'Robb, J.D.','Salvation in death','M&T',0,0),(1641,'Frank, Dorothea','Same Beach Next Year','Fic',0,0),(1642,'Tomalin, Claire','Samuel Pepys:The unequalled self','Bio',0,0),(1643,'Bohjalian, Chris','Sandcastle girls','LP',0,0),(1644,'Tye, Larry','Satchel','Bio',0,0),(1645,'McEwan, Ian','Saturday','LP',0,0),(1646,'Scottoline, Lisa','Save me','NJ',0,0),(1647,'NJ Conservation Foundation','Saving Land','NJ',0,0),(1648,'Cavanaugh, Cam','Saving the Great Swamp','FV auth',0,0),(1649,'Woods, StuArt','Scandalous Behavior','M&T',0,0),(1650,'Deveraux, Jude','Scarlet nights','Fic',0,0),(1651,'Cornwell, Patricia','Scarpetta','M&T',0,0),(1652,'Charleson, Susannah','Scent of the missing','LP',0,0),(1653,'Waltz, Josephine M.','Schoolhouses of early Bernards Township','NJ',0,0),(1654,'Frair, Wayne','Science & Creation - An Intro. to Tough Issues','FV auth',0,0),(1655,'Frair, Wayne & Patterson, D.','Science & Christianity: four views','FV auth',0,0),(1656,'White, Karen','Sea change','M&T',0,0),(1657,'Philbrick, Nathaniel','Sea of Glory','H-910.97',0,0),(1658,'Thomas, Evan','Sea of Thunder','H-940 ',0,0),(1659,'Shaw, David W.','Sea Shall Embrace Them, The','H-910.91',0,0),(1660,'Hillebrand, Laura','Seabiscuit','Sci',0,0),(1661,'Keneally, Thomas','Searching for Schindler','Rh',0,0),(1662,'Patterson, James','Second honeymoon','LP',0,0),(1663,'Mayor, Archer','Second mouse','M&T',0,0),(1664,'Mitchard, Jacquelyn','Second nature','Fic',0,0),(1665,'Relin, David Oliver','Second suns','Health',0,0),(1666,'Jance, J.A.','Second watch','LP',0,0),(1667,'Thomas, Bill Dr.','Second Wind','Rh',0,0),(1668,'Troeger, Virgina B.','Secret along the St. Mary’s','FV auth',0,0),(1669,'Brooks, Geraldine','Secret Chord, The','Fic',0,0),(1670,'Morton, Kate','Secret Keeper, The','Fic',0,0),(1671,'Rosnay, Tatiana de','Secret Kept, A','LP',0,0),(1672,'DeLaroche, Robert','Secret life of cats','Oversize',0,0),(1673,'French, Tana','Secret Place, The','M&T',0,0),(1674,'Berenson, Alex','Secret soldier, The','LP',0,0),(1675,'Downing, Tayla','Secret Warriors','H-909 ',0,0),(1676,'Deveraux, Jude','Secrets','Fic',0,0),(1677,'Sparks, Nicholas','See Me','Fic',0,0),(1678,'Seinfeld, Jerry','Sein language','Bio',0,0),(1679,'Hillerman, Tony','Seldom disappointed','Bio',0,0),(1680,'Welty, Eudora','Selected stories','Fic',0,0),(1681,'Beaty, Paul','Sellout, The','SS',0,0),(1682,'Miller, Sue','Senator’s wife, The','Fic',0,0),(1683,'Damore, Leo ','Senatorial Privilege: Chappaquiddic Coverup','H-974.4',0,0),(1684,'Trollope, Joanna','Sense and sensibility','LP',0,0),(1685,'Buchan, Elizabeth','Separate beds','Fic',0,0),(1686,'Lethbridge, Lucy','Servants','Rh',0,0),(1687,'Crystal, Billy','700 Sundays','Bio',0,0),(1688,'McCullough, David','1776','H-973.3',0,0),(1689,'Brucker, Robert & W. Williams','75 years of metal mastery','FV auth',0,0),(1690,'Moody, Sidney C. Jr.','Seventy-Six','FV auth',0,0),(1691,'Kurson, Robert','Shadow Divers','H-940 ',0,0),(1692,'Clancy, Tom ','Shadow Warriors','H-356.16',0,0),(1693,'Keneally, Thomas','Shame and the Captives','Fic',0,0),(1694,'Delaney, Frank','Shannon','H-',0,0),(1695,'Allen, Jonathan & Parnes, Arnie','Shattered','Fic',0,0),(1696,'Vincenzi, Penny','Sheer Abandon','Fic',0,0),(1697,'Todd, Charles','Sheltered Tree, The','M&T',0,0),(1698,'Fielding, Joy','She\'s Not There','Fic',0,0),(1699,'Trigiani, Adriana','Shoemaker’s wife','Fic',0,0),(1700,'Bryson, Bill','Short history of nearly everything','Sci',0,0),(1701,'Sevick, Jerry','Short vertical antenna & ground radial','FV auth',0,0),(1702,'Boulton, Katherine','Shouting won’t help','Health',0,0),(1703,'Bagshawe, Tilly','Sidney Sheldon\'s Chasing Tomorrow','Fic',0,0),(1704,'Perez-Reverte, Arturo','Siege, The','Fic',0,0),(1705,'Gilbert, Elizabeth','Signature of all things, The','Fic',0,0),(1706,'Koontz, Dean','Silent Corner, The','M&T',0,0),(1707,'Gerritsen, Tess','Silent girl, The','LP',0,0),(1708,'Berenson, Alex','Silent man, The','M&T',0,0),(1709,'Calvert, James J ','Silent Running WW II','H-940.54 ',0,0),(1710,'Chamberlain, Diane','Silent Sister, The','Fic',0,0),(1711,'Sandford, John','Silken prey','M&T',0,0),(1712,'Galbraith, Robert','Silkworm','LP',0,0),(1713,'Koonz, Dean','Silent Corner, The','M&T',0,0),(1714,'Macomber, Debbie','Silver Linings','Fic',0,0),(1715,'Walls, Jeannette','Silver star, The','Fic',0,0),(1716,'Stone, Mildred F.','Since 1985: Hist of Mutual Benefit Life Ins. Co.','FV auth',0,0),(1717,'Lingeman, Richard','Sinclair Lewis','Bio',0,0),(1718,'Picoult, Jodi','Sing you home','Fic',0,0),(1719,'Archer, Jeffrey','Sins of the Father','LP',0,0),(1720,'Steel, Danielle','Sins of the mother','Fic',0,0),(1721,'Trevelyan, Raleigh','Sir Walter Raleigh','Bio',0,0),(1722,'Pataki, Allison','Sisi','Fic',0,0),(1723,'Lovell, Mary','Sisters, The','Bio',0,0),(1724,'Stevens, John','Six amendments','Rh',0,0),(1725,'Toll, Ian W. ','Six Frigates: Hist. of the Founding of the USNavy','H-359 ',0,0),(1726,'Evanovich, Janet','Sizzling sixteen','M&T',0,0),(1727,'Deaver, Jeffery','Skin collector','M&T',0,0),(1728,'Dupre, Judith','Skyscrapers','Oversize',0,0),(1729,'Robards, Karen','Sleepwalker','LP',0,0),(1730,'Woodroof, MArtha','Small Blessings','Fic',0,0),(1731,'Picoult, Jodi','Small Great Things','LP',0,0),(1732,'Lamont,Anne','Small Victories','Rh',0,0),(1733,'Shaara, Jeff','Smoke at Dawn, The','LP',0,0),(1734,'Evans, Nicholas','Smoke jumper','Fic',0,0),(1735,'Evanovich, Janet','Smokin’ seventeen','M&T',0,0),(1736,'Woods, StuArt','Smooth Operator ','M&T',0,0),(1737,'Cleese, John','So Anyway','Bio',0,0),(1738,'DeYoung, Karen','Soldier: Life of Colin Powell','Bio',0,0),(1739,'Ziegler, Philip','Soldiers: Fighting Men\'s Lives 1901-2001','H-355',0,0),(1740,'Deaver, Jeffery','Solitude Creek','M&T',0,0),(1741,'Smiley, Jane','Some luck','Fic',0,0),(1742,'Choroszewski, Walter','Somerset County - a millennial portrait','NJ',0,0),(1743,'Aleff, Andrea, L.','Somerset County memories','NJ',0,0),(1744,'Havens, Jessie Lynes','Somerset County: 3 Centuries of Progress','NJ',0,0),(1745,'Turpin, John K.','Somerset Hills Vol. I (oversize)(2 copies)','NJ',0,0),(1746,'Schleicher, William A.','Somerset Hills The Landed Gentry','NJ',0,0),(1747,'Bausch, Richard','Something is out there','SS',0,0),(1748,'Secrest, Meryle','Somewhere for me','Bio',0,0),(1749,'Karon, Jan','Somewhere Safe with Somebody Good','LP',0,0),(1750,'HArt, Peter','Somme, The','H-940.4',0,0),(1751,'Frair, Betty ','Something I\'ve Learned in Life','FV Authors',0,0),(1752,'Angelo Maya','A Song Flew Up to Heaven','Bio',0,0),(1753,'Ford, Jamie','Songs of willow frost','Fic',0,0),(1754,'Browning, Elizabeth Barrett','Sonnets from the Portuguese','Poe',0,0),(1755,'Popoff, Alexandra','Sophia Tolstoy','Bio',0,0),(1756,'Ingle, Bob ','Soprano state, The: NJ culture of corruption ','NJ',0,0),(1757,'Wariner, Ruth','Sound of Gravel, The','Rh',0,0),(1758,'Eakle, Arlene, ed.','Source, The: A guidebook to Am. genealogy','Ref',0,0),(1759,'Michaels, Fern','Southern comfort','LP',0,0),(1760,'Reichs, Kathy','Speaking in Bones','M&T',0,0),(1761,'Wohlforth, Charles','Spectacular Alaska','Oversize',0,0),(1762,'Levy, Dana','Spectacular America','Oversize',0,0),(1763,'Curtis, James','Spencer Tracy','Bio',0,0),(1764,'Reichs, Kathy','Spider bones','M&T',0,0),(1765,'Frayn, Michael','Spies','Fic',0,0),(1766,'Paterson, Richard North','Spire, The','LP',0,0),(1767,'Heller, Chris&Venturi,Franc. ','Splendors of Istanbul','Oversize',0,0),(1768,'Coulter, Catherine','Split second','M&T',0,0),(1769,'Bush, Laura','Spoken from the heArt','Bio',1,0),(1770,'Tyler, Anne','Spool of Blue Thread, A','LP',0,0),(1771,'Morgan, C. E.','Sport of Kings','Fic',0,0),(1772,'Haddon, Mark','Spot of bother','Fic',0,0),(1773,'Beard, Mary','SPQR: History of Ancient Rome','H-937.00',0,0),(1774,'Mulley, Clare','Spy who loved, The','Bio',0,0),(1775,'Rendell, Ruth','St. Zita Society, The','M&T',0,0),(1776,'Woods, StuArt','Stand-up guy','M&T',0,0),(1777,'Hiaasen, Carl','Star Island','LP',0,0),(1778,'Shreve, Anita','Stars Are Fire, The','Fic',0,0),(1779,'Whitman, John','StArting from Scratch','Sci',0,0),(1780,'Macomber, Debbie','StArting now','LP',0,0),(1781,'Patchett, Ann','State of wonder','LP',0,0),(1782,'Mandel, Emily St. John','Station Eleven','Fic',0,0),(1783,'Deaver, Jeffrey','Steel Kiss','M&T',0,0),(1784,'Shaara, Jeff','Steel wave, The','LP',0,0),(1785,'Shreve, Anita','Stella Bain','Fic',0,0),(1786,'Secrest, Meryle','Stephen Sondheim, a life','Bio',0,0),(1787,'Gilbert, Elizabeth','Stern men','Fic',0,0),(1788,'Isaacson, Walter','Steve Jobs','Bio',0,0),(1789,'Crystal, Billy','Still foolin’ ‘em','Bio',0,0),(1790,'Fielding, Joy','Still life','M&T',0,0),(1791,'Quindlen, Anna','Still life with bread crumbs','LP',0,0),(1792,'Moyes, Jojo','Still Me','LP',0,0),(1793,'Brown, Sandra','Sting','M&T',0,0),(1794,'Brown, Sandra','Sting','M&T',0,0),(1795,'Pears, Ian','Stone’s fall','M&T',0,0),(1796,'Mortenson, Greg','Stones into schools','LP',0,0),(1797,'Patterson, James','Store, The','Fic',0,0),(1798,'Zevin, Gabrielle','Storied life of A.J. Fikry, The','Fic',0,0),(1799,'Edmonds, Walter D.','Stories of the Army Air Forces in the SW Pacific','H-940.54',0,0),(1800,'Sandford, John','Storm front','M&T',0,0),(1801,'Roker, Al','Storm of the Century','LP',0,0),(1802,'Sandford, John','Storm prey','M&T',0,0),(1803,'Picoult, Jodi','Story teller, The','Fic',0,0),(1804,'Parker, Robert B.','Stranger in paradise','M&T',0,0),(1805,'Coben, Harlan','Stranger, The','M&T',0,0),(1806,'Roberts, Nora','Strangers in death','LP',0,0),(1807,'Gummere, Barker','Street railways of Trenton','NJ',0,0),(1808,'Kidder,Tracy','Strength in what remains','LP',0,0),(1809,'Perry, Thomas','String of Beads, A','M&T',0,0),(1810,'Brandel, Fernand','Structures of Everyday Life, Vol. I','H-970. ',0,0),(1811,'Scotti, R.A.','Sudden Sea:Great Hurricane of 1938, The','Rh',0,0),(1812,'Bird, Christiane','Sultan’s Shadow','H-953.53',0,0),(1813,'Simonson, Helen','Summer Before the War, The','Fic',0,0),(1814,'Thayer, Nancy','Summer breeze','Fic',0,0),(1815,'FC&A Medical Publishing','Super foods','Health',0,0),(1816,'Baker, Jerry','Super Remedies','Health',0,0),(1817,'Clancy, Tom','Support and defend','M&T',0,0),(1818,'Cohen, Eliot','Supreme Command','H-322.5',0,0),(1819,'Margolin, Phillip','Supreme justice','M&T',0,0),(1820,'Carr, Caleb','Surrender','Fic',0,0),(1821,'Carr, Caleb','Surrender New York','Fic',0,0),(1822,'Flynn, Vince','Survivor, The','M&T',0,0),(1823,'Crais, Robert','Suspect','M&T',0,0),(1824,'Finder, Joseph','Suspicion','M&T',0,0),(1825,'Kostovo, Elizabeth','Swan thieves, The','LP',0,0),(1826,'Benjamin, Melanie','Swans of Fifth Avenue, The','Fic',0,0),(1827,'Delinsky, Barbara','Sweet salt air','Fic',0,0),(1828,'Garwood, Julie','Sweet talk','LP',0,0),(1829,'McEwan, Ian','Sweet tooth','Fic',0,0),(1830,'Finder, Joseph','Switch, The','M&T',0,0),(1831,'Fleming, Fergus','Sword and The Cross, The','H-966',0,0),(1832,'Grisham, John','Sycamore row','LP',0,0),(1833,'Grisham, John','Sycamore row','M&T',0,0),(1834,'Lawford, C.K.','Symptoms of withdrawal','Bio',0,0),(1835,'Leventhal, Josh','Take me out to the ballpark','Oversize',0,0),(1836,'Evanovich, Janet','Takedown twenty','LP',0,0),(1837,'McCullough, Jonathan','Tale of Two Subs','H-940.5 ',0,0),(1838,'Beck, Henry Charlton','Tales and towns of Northern NJ','NJ',0,0),(1839,'Mitchell, Andrea','Talking back','Bio',0,0),(1840,'Gregory, Philippa','Taming of the Queen, The','NF',0,0),(1841,'Edwards, Gavin','Tao of Bill Murray','Fic',0,0),(1842,'Theroux, Peter','Tao of Travel, The','H-910.4',0,0),(1843,'Berg, Elizabeth','Tapestry of fortune','Fic',0,0),(1844,'Baldacci, David','Target, The','LP',0,0),(1845,'Baldacci, David','Target, The','M&T',0,0),(1846,'Collingham, Lizzie','Taste of War, The: WWII & The Battle For Food','H-940.5 ',0,0),(1847,'Smith, MArtin Cruz','Tatiana','M&T',0,0),(1848,'McCall Smith, Alexander ','Tea time for the traditionally built','M&T',0,0),(1849,'McCourt, Frank','Teacher man','Bio',0,0),(1850,'See, Lisa','Tea Girl of Hummingbird Lane, The','Fic',0,0),(1851,'Goodwin, Doris Kearns','Team of Rivals','H-973.7',0,0),(1852,'Langley, Monica','Tearing down the walls','Rh',0,0),(1853,' Dyson, Michael Eric','Tears We Cannot Stop','M&T',0,0),(1854,'Clancy, Tom','Teeth of the tiger','RH',0,0),(1855,'Jackson, Lisa','Tell me','M&T',0,0),(1856,'Green, Jane','Tempting fate','Fic',0,0),(1857,'Saunders, George','Tenth of December','SS',0,0),(1858,'Macomber, Debbie','1022 Evergreen Place','LP',0,0),(1859,'Fairstein, Linda','Terminal City','M&T',0,0),(1860,'Frair, Wayne','Terrific Turtle Tales','Fic',0,0),(1861,'Turow, Scott','Testimony','FV auth',0,0),(1862,'Friedman,Thomas','Thank You for Being Late','Rh',0,0),(1863,'Russo, Richard','That Old Cape Magic','LP',0,0),(1864,'Friedman, Thomas L','That used to be us','H-973.92',0,0),(1865,'Kozol, Jonathan','Theft of Memory, The','Rh',0,0),(1866,'Lawton,John','Then We Take Berlin','M&T',0,0),(1867,'Benet, William Rose','The Reader\'s Encyclopedia (1965) ','Ref',0,0),(1868,'Morris, Edmund','Theodore Rex','Bio',0,0),(1869,'Shields, Brooke','There was a Little Girl','Bio',0,0),(1870,'Mappen, Marc','There’s more to NJ than the Sopranos','NJ',0,0),(1871,'Karon, Jan','These high green hills ','LP',0,0),(1872,'Edmonds, Walter D.','They Fought with What They Had','H-940.54',0,0),(1873,'Alda, Alan','Things I overheard while...etc ','Bio',0,0),(1874,'Krauthammer, Charles','Things That Matter','H-973.93 ',0,0),(1875,'Scottoline, Lisa','Think twice','LP',0,0),(1876,'Rosenberg, Joel','Third Target, The','Fic',0,0),(1877,'Oliver, Mary','Thirst','Poe',0,0),(1878,'Cunningham, John T.','This is New Jersey from High Point to Cape May','NJ',0,0),(1879,'Patchett, Ann','This is the story of a happy marriage','Bio',0,0),(1880,'Schieffer, Bob','This just in','Bio',0,0),(1881,'Faust, Drew G.','This Republic of Suffering:Death & the Civil War','H-973.7',0,0),(1882,'Burnett, Carol','This time together ','LP',0,0),(1883,'Archer, Jeffrey','This Was a Man','LP',0,0),(1884,'Kilmeade, Brian','Thomas Jefferson and the Tripolo Pirates','H-973.47',0,0),(1885,'Meacham, Jon','Thomas Jefferson: The Art of power','Bio',0,0),(1886,'Olson, Lynne','Those Angry Days: Roosevelt, Lindbergh etc.','H-940.53',0,0),(1887,'Mortenson, Greg.','Three cups of tea','Rh',0,0),(1888,'Baier, Bret','Three Days in January','H- 978',0,0),(1889,'Wyeth, N.C.','Three generations of Wyeth Art','Art',0,0),(1890,'Gregory, Philippa','Three Sisters - Three Queens','Fic',0,0),(1891,'Smith, MArtin Cruz','Three stations','M&T',0,0),(1892,'Huffington, Arianna','Thrive','Rh',0,0),(1893,'Lewis, Betsey','Through England on my knees','FV auth',0,0),(1894,'Spencer-\'Fleming, Julia','Through the Evil Days','M&T',0,0),(1895,'Larson, Erik','Thunderstruck','Rh',0,0),(1896,'Obreht, Tea','Tiger’s wife, The','fic',0,0),(1897,'Mahfouz, Naguib','Time and the place, The','SS',0,0),(1898,'Albom, Mitch','Time keeper, The','Fic',0,0),(1899,'Albom, Mitch','Time keeper, The','LP',0,0),(1900,'Brokaw, Tom','Time of Our Lives','H-973 ',0,0),(1901,'Boxer, Barbara','Time to run','Fic',0,0),(1902,'Noonan, Peggy','Times of Our Lives, The','Rh',0,0),(1903,'McCourt, Frank','Tis ','Bio',0,0),(1904,'Chernow, Ron','Titan','Bio',0,0),(1905,'Matsen, Brad','Titanic’s Last Secrets','H-910 ',0,0),(1906,'Meacham, Leila','Titans, The','Fic',0,0),(1907,'Ambrose, Stephen E.','To America','H-973 ',0,0),(1908,'Lorelli, John','To Foreign Shores','H-904.54',0,0),(1909,'Fowble, E.M.','To please every taste','Art',0,0),(1910,'Sirica, John','To Set the Record Straight','H-345',0,0),(1911,'Ivey, Eowyn','To the Bright Edge of the Workd','Fic',0,0),(1912,'Shaara, Jeff','To the last man','Fic',0,0),(1913,'Damrosch, Leo','Tocqueville’s Discovery of America','H-973.56',0,0),(1914,'Fagan, Dan','Toms River: Story of science & salvation','NJ',0,0),(1915,'Arredlund, Erin','Too good to be true','Bio',0,0),(1916,'Buchwald, Art','Too soon to say goodbye','Bio',0,0),(1917,'Baker, Jerry','Top 25 Homemade Healers','Health',0,0),(1918,'Baker, Jerry','Top 25 Homemade Mixers','Health',0,0),(1919,'Evanovich, Janet','Top Secret Twentyone','LP',0,0),(1920,'Pepper, Adeline','Tours of historic New Jersey, official state guide','NJ',0,0),(1921,'American Heritage','Tragedy of American Heritage','SS',0,0),(1922,'Russo, Richard','Trajectory','Oversize',0,0),(1923,'McCann, Colum','Transatlantic','Fic',0,0),(1924,'Pavone, Chris','Travelers, The','M&T',0,0),(1925,'Kidd, Sue Monk','Traveling with Pomegranates','Fic',0,0),(1926,'Perry, Anne','Treachery at Lancaster Gate','M&T',0,0),(1927,'Robb, J.D.','Treachery in death','M&T',0,0),(1928,'Ballantine Books','Treasurers of Tutankhamun','Oversize',0,0),(1929,'Metropolitan Museum of Art','Treasures from the Kremlin','Art',0,0),(1930,'American Heritage','Treasury of American Heritage selections','Oversize',0,0),(1931,'Duggan, Mark','Trenton ','NJ',0,0),(1932,'Jance, J.A.','Trial by fire','M&T',0,0),(1933,'Thompson, Larry','Trial, The','LP',0,0),(1934,'Evanovich, Janet','Tricky Twenty-Two','M&T',0,0),(1935,'McPherson, James M.','Tried by War ','H-973 ',0,0),(1936,'Hannah, Kristin','True colors','Fic',0,0),(1937,'Kennedy, Edward','True compass: A memoir','Bio',0,0),(1938,'MoriArty, Liane','Truly Madly Guilty','Fic',0,0),(1939,'McCullough, David','Truman','Bio',0,0),(1940,'Krentz, Jayne Ann','Trust No One','M&T',0,0),(1941,'Barrows, Annie','Truth According to Us, The','Fic',0,0),(1942,'Ryan, Hank','Truth Be Told','M&T',0,0),(1943,'Paterson, James','Truth or Die','LP',0,0),(1944,'Evanovich, Janet','Turbo Twenty-T hree','M&T',0,0),(1945,'Bratton, William','Turnaround','Bio',0,0),(1946,'Selz, Jean','Turner','Art',0,0),(1947,'Conant, Jennet','Tuxedo Park','Bio',0,0),(1948,'Macomber, Debbie','1225 Christmas Lane','LP',0,0),(1949,'Kinsella, Sophie','Twenties girl','Fic',0,0),(1950,NULL,'21st century crossword puzzle dictionary ','Ref',0,0),(1951,'Gillespie, Angus','Twin towers','Art',0,0),(1952,'Miller, William Lee','Two Americans: Truman, Eisenhower & etc.','H-973 ',0,0),(1953,'Sparks, Nicholas','Two by Two','LP',0,0),(1954,'Longman, Lynda','Two Family House, The','Fic',0,0),(1955,'USNews & World Reports','Two Hundred Years: History of U.S.','Oversize',0,0),(1956,'Connley, Michael','Two Kinds of Truth','M&T',0,0),(1957,'Reichs, Kathy','Two hundred206 bones','M&T',0,0),(1958,'Dunning, John','Two o’clock eastern wArtime','M&T',0,0),(1959,'Morison, Samuel Eliot','Two Ocean War, The','H-973.91',0,0),(1960,'Grafton, Sue','U is for undertow','M&T',0,0),(1961,'Lahiri, Jhumpa','Unaccustomed eArth','SS',0,0),(1962,'Woods, StuArt','Unbound','M&T',0,0),(1963,'Hillenbrand, Laura','Unbroken','LP',0,0),(1964,'Bottom Line','Uncommon Cures for Everyday Ailments','Health',0,0),(1965,'Bottom Line','Uncommon Cures for Women','Health',0,0),(1966,'Bennett, Alan','Uncommon reader','Fic',0,0),(1967,'Lindbergh, Reeve','Under a wing','Bio',0,0),(1968,'Clancy, Tom','Under Fire','M&T',0,0),(1969,'Krakauer, Jon','Under the banner of heaven','Rh',0,0),(1970,'Maynard, Joyce','Under the Influence','Fic',0,0),(1971,'Horan, Nancy','Under the wide and starry sky','LP',0,0),(1972,'Steel, Danielle','Undercover','Fic',0,0),(1973,'Whitehead, Colson','Underground Railroad, The','Fic',0,0),(1974,'Sevick, Jerry','Understanding, building & using baluns&ununs','FV auth',0,0),(1975,'Bove, Robert','Underwater paradise','Oversize',0,0),(1976,'Greenberger, Scott','Unexpected President, The','Bio',0,0),(1977,'Viorst, Judith','Unexpectedly eighty','humor',0,0),(1978,'Woods, StuArt','Unintended consequences','M&T',0,0),(1979,'Cunningham, John T.','University of the forest','NJ',0,0),(1980,'Patterson, James','Unlucky 13','M&T',0,0),(1981,'Connolly, John','Unquiet, The','M&T',0,0),(1982,'Waller, John','Unseen War in Europe','H-973.91',0,0),(1983,'Timmer, Julie','Untethered','Fic',0,0),(1984,'Irving, John','Until I find you','Fic',0,0),(1985,'Jadhav, Narendra','Untouchables','Rh',0,0),(1986,'Warwick, Sarah','Upstairs and Downstairs','Oversize',0,0),(1987,'Nicholls, David','Us','Fic',0,0),(1988,'Grafton, Sue','V is for vengeance','M&T',0,0),(1989,'Tan, Amy','Valley of amazement, The','LP',0,0),(1990,'Roberts, Nora','Valley of silence','LP',0,0),(1991,'Pickvance, Ronald','Van Gogh in Arles','Art',0,0),(1992,'Parmar, Priya','Vanessa and her Sisters','LP',0,0),(1993,'Vaticani, Edizioni, M.','Vatican','Oversize',0,0),(1994,'Berry, Steve','Venetian betrayal, The','M&T',0,0),(1995,'Stone, Nick','Verdict, The','M&T',0,0),(1996,'Bailey, Anthony','Vermeer','Bio',0,0),(1997,'Nash, Ogden','Versus','Poe',0,0),(1998,'Grimes, MArtha','Vertigo 42','M&T',0,0),(1999,'Daheim, Mary','Viagra Falls','M&T',0,0),(2000,'DeCourey, Anne','Viceroy\'s daughters','Bio',0,0),(2001,'Goodwin, Daisy','Victoria','Fic',0,0),(2002,'Wilson, A. N.','Victoria','Bio',0,0),(2003,'Esposito, Frank','Victorian New Jersey','NJ',0,0),(2004,'Karnow, Stanley','Vietnam: A History','H-959 ',0,0),(2005,'Munro, Alice','View from Castle Rock','SS',0,0),(2006,'Tyler, Anne','Vinegar Girl','Fic',0,0),(2007,'Craig, Philip','Vineyard prey','M&T',0,0),(2008,'Munro, Alice','Vintage Munro','SS',0,0),(2009,'Margolin, Phillip','Violent Crimes','M&T',0,0),(2010,'Harris, Bill','Virginia, land of dreams','Oversize',0,0),(2011,'Arnone, Ed','Visiting Sicily','Travel',0,0),(2012,'Horowitz, Tony','Voyage Long and Strange, A','H-970 ',0,0),(2013,'Grafton, Sue','W is for wasted ','M&T',0,0),(2014,'Goodwin, Doris Kearns','Wait \'till next year','Bio',0,0),(2015,'Jin, Ha','Waiting','Fic',0,0),(2016,'Bryson, Bill','Walk into the Woods, A','Rh',0,0),(2017,'Staten, Michael','Walk off Weight','Health',0,0),(2018,'Child, Lee','Wanted man, A','LP',0,0),(2019,'Moody, Sidney C. Jr.','War against Japan','FV auth',0,0),(2020,'Macmillan, Harold','War Diaries, The Mediterranean 1943-45','H-973.91',0,0),(2021,'Moody, Sidney C. Jr.','War in Europe','FV auth',0,0),(2022,'Woodward, Bob','War Within, The','H-973.93 ',0,0),(2023,'Wilkerson, Isabel','Warmth of other suns','Rh',0,0),(2024,'Reston, James, Jr.','Warriors of God','H-942.03',0,0),(2025,'FRASER. FLORA ','Washingtons, The','Bio',0,0),(2026,'Fischer, David','Washington\'s Crossing','H-973.33',0,0),(2027,'Fleming, Thomas','Washington\'s Secret War','H-973',0,0),(2028,'Rendell, Ruth','Water\'s lovely ','M&T',0,0),(2029,'Leon, Donna','Waters of Eternal Youth, The','M&T',0,0),(2030,'Life Books','Way we were, The','Oversize',0,0),(2031,'Burke, James Lee','Wayfaring strangers','M&T',0,0),(2032,'Donald, David H.','We are Lincoln\'s men','Bio',0,0),(2033,'Thomas, Matthew','We are not ourselves','Fic',0,0),(2034,'Lamb, Wally','We are water','Fic',0,0),(2035,'Mulvey, Deb, ed.','We Pulled Together...and Won','H-973.91',0,0),(2036,NULL,'Webster’s Dictionary of synonyms','Ref',0,0),(2037,NULL,'Webster\'s Large Print Dictionary (1991)','Ref',0,0),(2038,'Bernstein, Peter','Wedding of the Waters','H-386.4',0,0),(2039,'Binchy, Maeve','Week in winter, A','Fic',0,0),(2040,'Andrews, Mary Kay','Weekenders, The','Fic',0,0),(2041,'Seeurman, Mark&MarkMoran','Weird NJ - Legends and best kept secrets','NJ',0,0),(2042,'Woods, Sherryl','Welcome to serenity','LP',0,0),(2043,'Lipson, Stanley','Westfield','NJ',0,0),(2044,'Nole II, Joseph P.','West Orange','NJ',0,0),(2045,'Clinton, Hillary Rodham','What Happened','NF',0,0),(2046,'Simon, James F.','What Kind of Nation','H-342.43',0,0),(2047,'Perez-Reverte, Arturo','What We Became','Fic',0,0),(2048,'Lewis, Bernard','What Went Wrong:West Impact &Mideast Response','H-956 ',0,0),(2049,'Daivs, William','Wheat Belly','Health',0,0),(2050,'Krentz, Jayne Ann','When All the Girls Have Gone','Health',0,0),(2051,'Kalanithi, Paul','When Breath Becomes Air','M&T',0,0),(2052,'Collins, Gail','When Everything Changed','Rh',0,0),(2053,'Robinson, Marilynne ','When I was a Child I Read Books','Rh',0,0),(2054,'Maraniss, David','When Pride Still Mattered','Bio',0,0),(2055,'Star Ledger','When Sandy hit','NJ',0,0),(2056,'Yeiune, Bill','When Tigers Ruled the Sky','H-951.04',0,0),(2057,'Faulks, Sebastian','Where My HeArt Used To Be','Fic',0,0),(2058,'Levien David','Where the dead lay','M&T',0,0),(2059,'Bloom, Amy','Where the God of love hangs out','Fic',0,0),(2060,'Letts, Billie','Where the Heart Is','Fic',0,0),(2061,'Miers, Earl Schenck','Where the Raritan flows','NJ',0,0),(2062,'Tan, Amy','Where the Past Begins','NF',0,0),(2063,'Merry, Robert W.','Where They Stand','H-973 ',0,0),(2064,'Kondazian, Karen','Whip, The','Hist',0,0),(2065,'Coulter, Catherine','Whiplash','M&T',0,0),(2066,'Roberts, Nora','Whiskey Beach','LP',0,0),(2067,'Grisham, John','Whistler, The','LP',0,0),(2068,'Dickerson, John','Whistlestop','H-978.45',0,0),(2069,'Gregory, Philippa','White Queen, The','Fic',0,0),(2070,'Adiga, Aravind','White Tiger, The','Fic',0,0),(2071,'Furlong, Saloma Miller','Why I left the Amish','Bio',0,0),(2072,'Acemoglu, Daron','Why nations fail','Rh',0,0),(2073,'Evanovich, Janet','Wicked business','LP',0,0),(2074,'Evanovich, Janet','Wicked Charms','M&T',0,0),(2075,'Bobrick, Benson','Wide as the waters','Rh',0,0),(2076,'Mazzeo, Tilar J.','Widow Cliquot, The','Bio',0,0),(2077,'Irving, John','Widow for one year','Fic',0,0),(2078,'Hicks, Robert','Widow of the south, The','Fic',0,0),(2079,'BArton, Fiona','Widow, The','Fic',0,0),(2080,'Neggers, Carla','Widow, The','LP',0,0),(2081,'Oates, Joyce Carol','Widow’s story, A','Bio',0,0),(2082,'Glass, Julia','Widower’s tale, The','Fic',0,0),(2083,'Strayed,Cheryl','Wild','Rh',0,0),(2084,'Ambrose, Stephen E.','Wild Blue, The','H-940 ',0,0),(2085,'Deveraux, Jude','Wild orchids','LP',0,0),(2086,'Preston, Richard','Wild trees, The','Sci',0,0),(2087,'Greenblatt, Stephen','Will in the world ','Bio',0,0),(2088,'Hirsch, James','Willie Mays:The life, the legend','Bio',0,0),(2089,'Berg, A. Scott','Wilson','Bio',0,0),(2090,'Taylor, Patrick','Wily O\'Reilly, The (Irish Country Stories)','SS',0,0),(2091,'Lincoln, Edward J.','Winners without losers','FV auth',0,0),(2092,'Hastings, Max','Winston’s War: Churchill 1940-45','H-940.5 ',0,0),(2093,'Heavey, Tara','Winter bloom','Fic',0,0),(2094,'Follett, Ken','Winter of the World','Fic',0,0),(2095,'McMahon, Jennifer','Winter people, The','Fic',0,0),(2096,'Hilderbrand, Elin','Winter Solstice','Fic',0,0),(2097,'Hilderbrand, Elin','Winter Stroll','Fic',0,0),(2098,'Heinrich, Berend','Winter world','Sci',0,0),(2099,'Helprin, Mark','Winter’s tale','Fic',0,0),(2100,'Magnani, Denise','Winterthur Garden, The','Oversize',0,0),(2101,'Goudge, Eileen','Wish come true','Fic',0,0),(2102,'Sterling, Bryan','Wit & Wisdom of Will Rogers','humor',0,0),(2103,'Roberts, Nora','Witmess, The','LP',0,0),(2104,'Keillor, Garrison','Wobegon boy','humor',0,0),(2105,'Connolly, John','Wolf in the Winter','M&T',0,0),(2106,'Berenson, Alex','Wolves, The','M&T',0,0),(2107,'Finn, A.J.','Woman in the Window, The','M&T',0,0),(2108,'Von Furstenberg, Diane','Woman I Wanted to Be, The','Bio',0,0),(2109,'Bernstein, Carl','Woman in charge','Bio',0,0),(2110,'Fagone, Jason','Woman who Smashed Codes, The','H-978',0,0),(2111,'Margolin, Phillip','Woman with a Gun','LP',0,0),(2112,'Hanna, Sophie','Woman with a Secret','LP',0,0),(2113,'Whitney, Catherine','Women of Windsor, The','Bio',0,0),(2114,'Bottom Line','Women\'s Health Secrets','Health',0,0),(2115,'Troeger, Virgina B.','Woobridge, N.J.’s oldest township','FV auth',0,0),(2116,'Troeger, Virgina B.','Woodbridge','FV auth',0,0),(2117,'Troeger, Virgina B.','Woodbridge, Vol. II','FV auth',0,0),(2118,'Vowell, Sarah','Wordy Shipmates, The','H-974 ',0,0),(2119,NULL,'World Almanac - 2014','Ref',0,0),(2120,'Lehane, Dennis','World Gone By','LP',0,0),(2121,'Friedman, Thomas','World is flat, The','Rh',0,0),(2122,'French, Patrick','World is what it is, The ','Bio',0,0),(2123,'Diamond, Jared','World until yesterday','Rh',0,0),(2124,'Cross, Robin','World War I in photographs','Oversize',0,0),(2125,'Brinkley, Douglas','World War II memorial','Oversize',0,0),(2126,'Brinkley, Douglas, ed.','World War II Memorial','Oversize',0,0),(2127,'Follett, Ken','World Without End','Fic',0,0),(2128,'Egan, Timothy','Worst Hard Time','H-978 ',0,0),(2129,'Child, Lee','Worth dying for','M&T',0,0),(2130,'Panetta, Leon','Worthy Fights','Bio',0,0),(2131,'McCullough, David','Wright Brothers, The','Bio',0,0),(2132,'Reynolds, Nicholaas','Writer,Sailor,Soldier,Spy',NULL,0,0),(2133,NULL,' Ernest Hemingway\'s Secret Adventure','LP',0,0),(2134,'DeFrank, Thomas M.','Write when I’m gone','Bio',0,0),(2135,'Connelly, Michael','Wrong Side of Goodbye, The','M&T',0,0),(2136,'Grafton, Sue','X','LP',0,0),(2137,'Deaver, Jeffery','XO','M&T',0,0),(2138,'Kluger, Steve','Yank: The Army Weekly','H-940 ',0,0),(2139,'Nelsen, Norman','Year here in Basking Ridge, A','NJ',0,0),(2140,'Grafton, Sue','Y Is for Yesterday','M&T',0,0),(2141,'Frair, Betty ','You laughed at it at Camp-of-the-woods','FV auth',0,0),(2142,'Seuss, Dr. ','You’re only old once','humor',0,0),(2143,'Patterson, James','You’ve been warned','M&T',0,0),(2144,'Pauley, Jane','Your life calling','Rh',0,0),(2145,'Johansen, Iris','Your Next Breath','M&T',0,0),(2146,'Pauly, Thomas','Zane Grey: His life, etc.','Bio',0,0),(2147,'Eggers, Dave','Zeitown','Sci',0,0),(2148,'Cussler, Clive','Zero hour','M&T',0,0),(2149,'Delillo, Don','Zero K','Fic',1,0),(2150,'Wrixton, Fred','Codes, Ciphers, Secrets and Cryptic Communication','LP',0,0),(2151,'Gerrit, John','Topeka','Bio',0,0),(2152,'Atkinson, Bill','HyperCard and its Benefits','M&T',0,0),(2153,'Hypercard, Bill','Hypercard Bill','Bio',0,0),(2155,'Hypercard Bill','Quantal Quetzal','Fantasy',0,0),(2156,'Bill Hypercard','The Macintosh','Bio',0,0),(2157,'Random Author','Hey Hey Hey','Bio',0,0),(2158,'Well Meego','Meego Well','Bio',0,0),(2159,'Test User','Test User','',0,0),(2160,'Test','Test','Bio',0,0),(2161,'Test','Test 2','Bio',0,0),(2162,'Test 1','Test 3','Bio',0,0),(2163,'Test 3','Test','Bio',0,0),(2164,'Cameron Grey','Python3 Manual','Fic',0,0),(2165,'Bill Hypercard','Why Mac OS is better than IRIX','NonFiction',0,0),(2166,'Why Windows is better than Mac OS','Hypercard Bill','Bio',1,0),(2167,'Test 889','Test','Nil',0,0),(2168,'Test 123','Test 123','Bio',0,1),(2169,'Adrian Johns','Piracy','OverDrive, History, Language Arts, Law, Nonfiction (Suggested)',0,0),(2170,'William Steinmetz','Wicked Cool PHP','PHP (Computer program language) (Suggested)',0,0),(2171,'Neal Shusterman','Scythe','Fiction',0,0),(2172,'Ward, Brian','How Linux Works, 2nd Edition','Internet Archive Wishlist, Operating systems (Computers), Linux (Suggested)',0,0),(2173,'Will Shortz','Will Shortz Presents Kenken 100 Easy Logic Puzzles That Make You Smarter','M&T',0,0),(2174,'Will Shortz','Will Shortz Presents Kenken 100 Easy Logic Puzzles That Make You Smarter','M&T',0,0),(2175,'Charles Wheelan','Naked economics','Economics',0,0),(2176,'','Filler Book','Geepers',0,0);
/*!40000 ALTER TABLE `Books` ENABLE KEYS */;
UNLOCK TABLES;

--
-- Table structure for table `ItemsOut`
--

DROP TABLE IF EXISTS `ItemsOut`;
/*!40101 SET @saved_cs_client     = @@character_set_client */;
/*!40101 SET character_set_client = utf8 */;
CREATE TABLE `ItemsOut` (
  `id` int(11) NOT NULL AUTO_INCREMENT,
  `bookid` int(11) DEFAULT NULL,
  `userid` int(11) DEFAULT NULL,
  `date_out` date DEFAULT NULL,
  `date_due` date DEFAULT NULL,
  `renewals_remaining` int(11) DEFAULT NULL,
  `previous_renewal` int(11) DEFAULT NULL,
  PRIMARY KEY (`id`)
) ENGINE=InnoDB AUTO_INCREMENT=30 DEFAULT CHARSET=utf8mb4;
/*!40101 SET character_set_client = @saved_cs_client */;

--
-- Dumping data for table `ItemsOut`
--

LOCK TABLES `ItemsOut` WRITE;
/*!40000 ALTER TABLE `ItemsOut` DISABLE KEYS */;
INSERT INTO `ItemsOut` VALUES (5,951,58,'2018-07-30','2018-08-13',0,1),(6,1055,58,'2018-07-30','2018-08-06',0,1),(7,2152,58,'2018-07-30','2018-08-13',0,1),(8,402,58,'2018-07-30','2018-08-20',0,1),(9,2112,58,'2018-08-20','2018-09-17',0,1),(13,24,67,'2018-08-27','2018-09-03',3,3),(14,24,67,'2018-08-27','2018-09-03',3,3),(15,23,67,'2018-08-27','2018-09-03',3,3),(16,1769,67,'2018-08-27','2018-09-03',3,3),(17,23,62,'2018-08-28','2018-09-25',0,1),(18,28,62,'2018-08-28','2018-09-25',0,1),(19,1165,62,'2018-08-30','2018-09-13',2,3),(20,1408,62,'2018-08-30','2018-09-20',1,2),(24,11,62,'2018-08-31','2018-09-07',3,3),(25,619,62,'2018-08-31','2018-09-07',3,3),(26,774,66,'2018-08-31','2018-09-07',3,3),(27,8,66,'2018-08-31','2018-09-07',3,3),(28,1090,66,'2018-08-31','2018-09-07',3,3),(29,2149,66,'2018-08-31','2018-09-07',3,3);
/*!40000 ALTER TABLE `ItemsOut` ENABLE KEYS */;
UNLOCK TABLES;

--
-- Table structure for table `Requests`
--

DROP TABLE IF EXISTS `Requests`;
/*!40101 SET @saved_cs_client     = @@character_set_client */;
/*!40101 SET character_set_client = utf8 */;
CREATE TABLE `Requests` (
  `id` int(11) NOT NULL AUTO_INCREMENT,
  `bookid` int(11) DEFAULT NULL,
  `userid` int(11) DEFAULT NULL,
  `date_out` date DEFAULT NULL,
  `status` int(11) DEFAULT NULL,
  PRIMARY KEY (`id`)
) ENGINE=InnoDB AUTO_INCREMENT=12 DEFAULT CHARSET=utf8mb4;
/*!40101 SET character_set_client = @saved_cs_client */;

--
-- Dumping data for table `Requests`
--

LOCK TABLES `Requests` WRITE;
/*!40000 ALTER TABLE `Requests` DISABLE KEYS */;
INSERT INTO `Requests` VALUES (11,276,62,'2018-08-31',2);
/*!40000 ALTER TABLE `Requests` ENABLE KEYS */;
UNLOCK TABLES;

--
-- Table structure for table `UserActionHistory`
--

DROP TABLE IF EXISTS `UserActionHistory`;
/*!40101 SET @saved_cs_client     = @@character_set_client */;
/*!40101 SET character_set_client = utf8 */;
CREATE TABLE `UserActionHistory` (
  `actionid` int(11) NOT NULL AUTO_INCREMENT,
  `userid` int(11) DEFAULT NULL,
  `action` varchar(25) DEFAULT NULL,
  `actionitem` text,
  PRIMARY KEY (`actionid`)
) ENGINE=InnoDB DEFAULT CHARSET=utf8mb4;
/*!40101 SET character_set_client = @saved_cs_client */;

--
-- Dumping data for table `UserActionHistory`
--

LOCK TABLES `UserActionHistory` WRITE;
/*!40000 ALTER TABLE `UserActionHistory` DISABLE KEYS */;
/*!40000 ALTER TABLE `UserActionHistory` ENABLE KEYS */;
UNLOCK TABLES;

--
-- Table structure for table `Users`
--

DROP TABLE IF EXISTS `Users`;
/*!40101 SET @saved_cs_client     = @@character_set_client */;
/*!40101 SET character_set_client = utf8 */;
CREATE TABLE `Users` (
  `id` int(11) NOT NULL AUTO_INCREMENT,
  `firstname` text,
  `lastname` text,
  `password` char(64) DEFAULT NULL,
  `username` text,
  `email` text,
  `apt` int(11) DEFAULT NULL,
  PRIMARY KEY (`id`)
) ENGINE=InnoDB AUTO_INCREMENT=69 DEFAULT CHARSET=latin1;
/*!40101 SET character_set_client = @saved_cs_client */;

--
-- Dumping data for table `Users`
--

LOCK TABLES `Users` WRITE;
/*!40000 ALTER TABLE `Users` DISABLE KEYS */;
INSERT INTO `Users` VALUES (16,'Test','User4','abe70869cd4a6c64ae6f06dbc46949c5a4017ad8dbcf4cfd7ae1f48b18334c52','testuser4','cat@4e.a',833),(17,'Fluke','One','c60b4e7df74f2bb06622481ee4df805c2bafaf08a5eb5efc35f35a93c45e41b6','flukeone','floobits@quark.cc',817),(58,'Te','St','dd9037de6b6724eda18b3c4635cdb332b0c711d1131fcc1f26461b05f16a0a52','test','test@test.test',115),(59,'Te','St4','dbe6975e8cdc6a60a43bc028b94256bd9af5f388e2fde7494b50899c30dcece0','test4','te@st.a',444),(60,'Test','5','a6ee1d2b928cd9244568125073371cf76ec3b7e1899a38bbf7d43c357f942a39','test5','test@test5.test',876),(61,'Test','User6','ef88ed9d38b1de56f5b6a792356c88bd31fabb591ea1c3ec91bc1aa925f42e47','testuser6','test@test.test6',875),(62,'Ramesh','Balaji','a534c0ae72a499688567e4b74141d946fd96bdae8421a6b1189e424d787ea8e5','rameshbalaji','yellowstar107@gmail.com',21),(63,'Admin','','59ab2b5214b1dce7e6debd806f22588ff29ad80b41208363e7ca3bcff724c5e3','admin','admin@fvlibrarywebclient.cc',215),(66,'Tom','Meek','3009ca640a042bcacba6d8e94b72ba16f40cf43071064eb35e0b58864830b669','TomMeek','tom.meek@labcoat.net',877288),(67,'Meek','Person','55c356678ebfebbb91de74cc9bdae38e7a07d114ee5db251083a3a6e419c7239','MeekPerson','meek.person111@hotmail.com',282),(68,'Gopal','Sharma','3f737cb09537b8a7dc1647f4934b81967d62b3f300cea9dfd31aa00e28cb94b0','GopalSharma','fo@nes.cowl',878);
/*!40000 ALTER TABLE `Users` ENABLE KEYS */;
UNLOCK TABLES;

--
-- Table structure for table `UsersPermissions`
--

DROP TABLE IF EXISTS `UsersPermissions`;
/*!40101 SET @saved_cs_client     = @@character_set_client */;
/*!40101 SET character_set_client = utf8 */;
CREATE TABLE `UsersPermissions` (
  `userid` int(11) DEFAULT NULL,
  `admin` tinyint(1) DEFAULT NULL,
  `insertbooks` tinyint(1) DEFAULT NULL
) ENGINE=InnoDB DEFAULT CHARSET=utf8mb4;
/*!40101 SET character_set_client = @saved_cs_client */;

--
-- Dumping data for table `UsersPermissions`
--

LOCK TABLES `UsersPermissions` WRITE;
/*!40000 ALTER TABLE `UsersPermissions` DISABLE KEYS */;
INSERT INTO `UsersPermissions` VALUES (63,1,1);
/*!40000 ALTER TABLE `UsersPermissions` ENABLE KEYS */;
UNLOCK TABLES;
/*!40103 SET TIME_ZONE=@OLD_TIME_ZONE */;

/*!40101 SET SQL_MODE=@OLD_SQL_MODE */;
/*!40014 SET FOREIGN_KEY_CHECKS=@OLD_FOREIGN_KEY_CHECKS */;
/*!40014 SET UNIQUE_CHECKS=@OLD_UNIQUE_CHECKS */;
/*!40101 SET CHARACTER_SET_CLIENT=@OLD_CHARACTER_SET_CLIENT */;
/*!40101 SET CHARACTER_SET_RESULTS=@OLD_CHARACTER_SET_RESULTS */;
/*!40101 SET COLLATION_CONNECTION=@OLD_COLLATION_CONNECTION */;
/*!40111 SET SQL_NOTES=@OLD_SQL_NOTES */;

-- Dump completed on 2018-09-07 19:33:22
